INSERT IGNORE INTO `POST_CATEGORY` (`ID`, `REFID`, `NAME`, `SLUG`, `PARENT`, `DESCRIPTION`, `ID_TEMPLATE`, `ORDERING`, `HIERACHY`, `GUID`, `JSON`, `UDID`, `WFID`, `UUID`) VALUES (28,'PSC0000000001','Documentation','documentation',0,'','',0,'-0-',1,NULL,0,NULL,'07a13913-a74d-4834-9133-3d06448bca35');
INSERT IGNORE INTO `POST_CATEGORY` (`ID`, `REFID`, `NAME`, `SLUG`, `PARENT`, `DESCRIPTION`, `ID_TEMPLATE`, `ORDERING`, `HIERACHY`, `GUID`, `JSON`, `UDID`, `WFID`, `UUID`) VALUES (29,'PSC0000000001','News','news',0,'','blog-home',0,'-0-',1,NULL,0,NULL,'8d6c8ed4-7ce2-4295-aaa9-707ae149bd75');
INSERT IGNORE INTO `POST_CATEGORY` (`ID`, `REFID`, `NAME`, `SLUG`, `PARENT`, `DESCRIPTION`, `ID_TEMPLATE`, `ORDERING`, `HIERACHY`, `GUID`, `JSON`, `UDID`, `WFID`, `UUID`) VALUES (30,'PSC0000000003','Blog','blog',0,'','blog-home',0,'-0-',1,NULL,0,NULL,'62b42005-084d-4d24-bda8-2cb7a691e350');
INSERT IGNORE INTO `POST_CATEGORY` (`ID`, `REFID`, `NAME`, `SLUG`, `PARENT`, `DESCRIPTION`, `ID_TEMPLATE`, `ORDERING`, `HIERACHY`, `GUID`, `JSON`, `UDID`, `WFID`, `UUID`) VALUES (31,'PSC0000000004','Technology','technology',30,'','blog-category',0,'-0-30-',1,NULL,0,NULL,'d32796a0-a742-478a-9b61-29fdcf13e3e2');
INSERT IGNORE INTO `POST_CATEGORY` (`ID`, `REFID`, `NAME`, `SLUG`, `PARENT`, `DESCRIPTION`, `ID_TEMPLATE`, `ORDERING`, `HIERACHY`, `GUID`, `JSON`, `UDID`, `WFID`, `UUID`) VALUES (32,'PSC0000000005','Web design','web-design',35,'','blog-category',0,'-0-30-35-',1,NULL,0,NULL,'c230cba5-cc0d-4424-9c6f-a5668a0bc0ed');
INSERT IGNORE INTO `POST_CATEGORY` (`ID`, `REFID`, `NAME`, `SLUG`, `PARENT`, `DESCRIPTION`, `ID_TEMPLATE`, `ORDERING`, `HIERACHY`, `GUID`, `JSON`, `UDID`, `WFID`, `UUID`) VALUES (33,NULL,'Inspiration','inspiration',30,'','blog-category',0,'-0-30-',1,NULL,0,NULL,'4ca93d88-b0b8-47ed-8ee9-e46c4bf6ee51');
INSERT IGNORE INTO `POST_CATEGORY` (`ID`, `REFID`, `NAME`, `SLUG`, `PARENT`, `DESCRIPTION`, `ID_TEMPLATE`, `ORDERING`, `HIERACHY`, `GUID`, `JSON`, `UDID`, `WFID`, `UUID`) VALUES (34,NULL,'Social Commerce','social-commerce',30,'','blog-category',0,'-0-30-',1,NULL,0,NULL,'118f697c-3f07-479c-89f4-6ac9cf9e4bf1');
INSERT IGNORE INTO `POST_CATEGORY` (`ID`, `REFID`, `NAME`, `SLUG`, `PARENT`, `DESCRIPTION`, `ID_TEMPLATE`, `ORDERING`, `HIERACHY`, `GUID`, `JSON`, `UDID`, `WFID`, `UUID`) VALUES (35,NULL,'Design and development','design-and-development',30,'','blog-category',0,'-0-30-',1,NULL,0,NULL,'c5cd8cb2-8a14-4e44-ae6a-449976ab0c7c');
INSERT IGNORE INTO `POST_CATEGORY` (`ID`, `REFID`, `NAME`, `SLUG`, `PARENT`, `DESCRIPTION`, `ID_TEMPLATE`, `ORDERING`, `HIERACHY`, `GUID`, `JSON`, `UDID`, `WFID`, `UUID`) VALUES (36,NULL,'Coding','coding',35,'','blog-category',0,'-0-30-35-',1,NULL,0,NULL,'0a0f782e-8810-4f01-96d5-273d01d35305');
INSERT IGNORE INTO `POST_CATEGORY` (`ID`, `REFID`, `NAME`, `SLUG`, `PARENT`, `DESCRIPTION`, `ID_TEMPLATE`, `ORDERING`, `HIERACHY`, `GUID`, `JSON`, `UDID`, `WFID`, `UUID`) VALUES (37,NULL,'Gadgets','gadgets',31,'','blog-category',0,'-0-30-31-',1,NULL,0,NULL,'ce62e8e8-321a-4087-b2ac-6d487ccaf4b0');
INSERT IGNORE INTO `POST_CATEGORY` (`ID`, `REFID`, `NAME`, `SLUG`, `PARENT`, `DESCRIPTION`, `ID_TEMPLATE`, `ORDERING`, `HIERACHY`, `GUID`, `JSON`, `UDID`, `WFID`, `UUID`) VALUES (38,NULL,'Internet','internet',31,'','blog-category',0,'-0-30-31-',1,NULL,0,NULL,'6dd675a4-173a-4696-ba7e-d3d661c3dfbd');
INSERT IGNORE INTO `POST_CATEGORY` (`ID`, `REFID`, `NAME`, `SLUG`, `PARENT`, `DESCRIPTION`, `ID_TEMPLATE`, `ORDERING`, `HIERACHY`, `GUID`, `JSON`, `UDID`, `WFID`, `UUID`) VALUES (39,NULL,'Hosting','hosting',31,'','blog-category',0,'-0-30-31-',1,NULL,0,NULL,'3a40c79f-cf3d-4ae2-9d37-3a1fef692f3b');
INSERT IGNORE INTO `POST_CATEGORY` (`ID`, `REFID`, `NAME`, `SLUG`, `PARENT`, `DESCRIPTION`, `ID_TEMPLATE`, `ORDERING`, `HIERACHY`, `GUID`, `JSON`, `UDID`, `WFID`, `UUID`) VALUES (40,NULL,'Desktop','desktop',31,'','blog-category',0,'-0-30-31-',1,NULL,0,NULL,'ed560f4f-acd4-4c78-8623-c1a82781eae9');
INSERT IGNORE INTO `POST_CATEGORY` (`ID`, `REFID`, `NAME`, `SLUG`, `PARENT`, `DESCRIPTION`, `ID_TEMPLATE`, `ORDERING`, `HIERACHY`, `GUID`, `JSON`, `UDID`, `WFID`, `UUID`) VALUES (41,NULL,'Mobile','mobile',31,'','blog-category',0,'-0-30-31-',1,NULL,0,NULL,'0ffb5f9a-cb4d-4e17-86f6-92694bd550cc');
INSERT IGNORE INTO `POST_CATEGORY` (`ID`, `REFID`, `NAME`, `SLUG`, `PARENT`, `DESCRIPTION`, `ID_TEMPLATE`, `ORDERING`, `HIERACHY`, `GUID`, `JSON`, `UDID`, `WFID`, `UUID`) VALUES (42,NULL,'Artworks','artworks',33,'','blog-category',0,'-0-30-33-',1,NULL,0,NULL,'e92ae57f-1f74-49f0-a781-92b707e454a1');
INSERT IGNORE INTO `POST_CATEGORY` (`ID`, `REFID`, `NAME`, `SLUG`, `PARENT`, `DESCRIPTION`, `ID_TEMPLATE`, `ORDERING`, `HIERACHY`, `GUID`, `JSON`, `UDID`, `WFID`, `UUID`) VALUES (43,NULL,'People','people',33,'','blog-category',0,'-0-30-33-',1,NULL,0,NULL,'12bed1d8-a831-4ba8-b99e-f75ee52294ab');
INSERT IGNORE INTO `POST_CATEGORY` (`ID`, `REFID`, `NAME`, `SLUG`, `PARENT`, `DESCRIPTION`, `ID_TEMPLATE`, `ORDERING`, `HIERACHY`, `GUID`, `JSON`, `UDID`, `WFID`, `UUID`) VALUES (44,NULL,'Wallpapers','wallpapers',33,'','blog-category',0,'-0-30-33-',1,NULL,0,NULL,'ba9da224-f7ba-4f98-bb8c-2bea8769e6c4');
INSERT IGNORE INTO `POST_CATEGORY` (`ID`, `REFID`, `NAME`, `SLUG`, `PARENT`, `DESCRIPTION`, `ID_TEMPLATE`, `ORDERING`, `HIERACHY`, `GUID`, `JSON`, `UDID`, `WFID`, `UUID`) VALUES (45,NULL,'Gifts','gifts',33,'','blog-category',0,'-0-30-33-',1,NULL,0,NULL,'451a53f3-b299-48f9-b503-ce423624c50f');
INSERT IGNORE INTO `POST_CATEGORY` (`ID`, `REFID`, `NAME`, `SLUG`, `PARENT`, `DESCRIPTION`, `ID_TEMPLATE`, `ORDERING`, `HIERACHY`, `GUID`, `JSON`, `UDID`, `WFID`, `UUID`) VALUES (46,NULL,'Startups','startups',34,'','blog-category',0,'-0-30-34-',1,NULL,0,NULL,'76577319-c658-41f1-a137-5c3b362248eb');
INSERT IGNORE INTO `POST_CATEGORY` (`ID`, `REFID`, `NAME`, `SLUG`, `PARENT`, `DESCRIPTION`, `ID_TEMPLATE`, `ORDERING`, `HIERACHY`, `GUID`, `JSON`, `UDID`, `WFID`, `UUID`) VALUES (47,NULL,'Social Media','social-media',34,'','blog-category',0,'-0-30-34-',1,NULL,0,NULL,'afb59233-c47e-472d-8859-28dfaa4ffb67');
INSERT IGNORE INTO `POST_CATEGORY` (`ID`, `REFID`, `NAME`, `SLUG`, `PARENT`, `DESCRIPTION`, `ID_TEMPLATE`, `ORDERING`, `HIERACHY`, `GUID`, `JSON`, `UDID`, `WFID`, `UUID`) VALUES (48,NULL,'Ecommerce','ecommerce',34,'','blog-category',0,'-0-30-34-',1,NULL,0,NULL,'4ade8b7b-2d6f-41a1-bc2b-e21b70c8392a');
INSERT IGNORE INTO `POST_CATEGORY` (`ID`, `REFID`, `NAME`, `SLUG`, `PARENT`, `DESCRIPTION`, `ID_TEMPLATE`, `ORDERING`, `HIERACHY`, `GUID`, `JSON`, `UDID`, `WFID`, `UUID`) VALUES (49,NULL,'Blogging','blogging',34,'','blog-category',0,'-0-30-34-',1,NULL,0,NULL,'01e3f574-55b0-4480-abb1-9c281916243b');
INSERT IGNORE INTO `POST_CATEGORY` (`ID`, `REFID`, `NAME`, `SLUG`, `PARENT`, `DESCRIPTION`, `ID_TEMPLATE`, `ORDERING`, `HIERACHY`, `GUID`, `JSON`, `UDID`, `WFID`, `UUID`) VALUES (50,NULL,'Freelance','freelance',34,'','blog-category',0,'-0-30-34-',1,NULL,0,NULL,'33f21207-bc6e-420e-8cb0-b8dadf6de25b');
INSERT IGNORE INTO `POST_CATEGORY` (`ID`, `REFID`, `NAME`, `SLUG`, `PARENT`, `DESCRIPTION`, `ID_TEMPLATE`, `ORDERING`, `HIERACHY`, `GUID`, `JSON`, `UDID`, `WFID`, `UUID`) VALUES (51,NULL,'Office','office',34,'','blog-category',0,'-0-30-34-',1,NULL,0,NULL,'1b53cced-17d3-4b1a-8547-399c978b565a');
INSERT IGNORE INTO `POST_CATEGORY` (`ID`, `REFID`, `NAME`, `SLUG`, `PARENT`, `DESCRIPTION`, `ID_TEMPLATE`, `ORDERING`, `HIERACHY`, `GUID`, `JSON`, `UDID`, `WFID`, `UUID`) VALUES (52,NULL,'Deals','deals',30,'','blog-category',0,'-0-30-',1,NULL,0,NULL,'458e4dab-5d38-4805-894d-584569def4a1');

INSERT IGNORE INTO `POST` (`ID`, `REFID`, `TITLE`, `SLUG`, `ID_POST_TYPE`, `ID_POST_CATEGORY`, `IMAGE`, `META_KEYWORDS`, `META_DESCRIPTION`, `EXCERPT`, `CONTENT`, `TAGS`, `AUTHOR`, `EXTERNAL_LINK`, `ID_TEMPLATE`, `CREATION_DATE`, `LATEST_UPDATE`, `IS_FEATURED`, `NBR_VIEWS`, `GUID`, `JSON`, `UDID`, `WFID`, `UUID`) VALUES (4,NULL,'20 Most Creative Wedding Invitation Ideas Ever','20-most-creative-wedding-invitation-ideas-ever','article',42,'post/image/most-creative-wedding-invitations.jpg','','','The season is here and you probably have received a wedding invite or two a couple of months back. A lot of work goes into the preparation for a wedding ceremony and while some wedding invitations are printed or handwritten, they carry a personal touch','<p>The season is here and you probably have received a wedding invite or two a couple of months back. A lot of work goes into the preparation for a wedding ceremony and while some wedding invitations are printed or handwritten, they carry a personal touch.</p>\r\n<p>These wedding invitations however have taken the personal touch to another level. Some of these creative invitations will blow your mind, be it the do-it-yourself teepee, an edible invitation card, one inside a can and even a record player that you can play. I’m not going to spoil it any further, take a look for yourself.</p>','designer','Lorem','','blog-post',NULL,NULL,1,11.00,1,'{\"POST_SECTION\":[{\"ID\":\"1\",\"REFID\":null,\"TITLE\":\"A Double Invite In 3D\",\"ID_POST\":\"4\",\"TAG_LINE\":\"\",\"IMAGE\":\"postsection\\/image\\/1-printed-wedding-invitations-2015.jpg\",\"BACKGROUND_IMAGE\":\"\",\"BACKGROUND_COLOR\":\"\",\"VIDEO\":\"\",\"CONTENT\":\"Amy aka the bride created these invites to her surprise wedding under the guise of her two year old\\u2019s birthday party. With a pair of 3D decoder glasses, guests can get looped in on the double celebration they will be attending.\",\"LINK_PATH\":\"\",\"ORDERING\":\"0\",\"HIERACHY\":null,\"GUID\":\"1\",\"JSON\":null,\"UDID\":\"0\",\"WFID\":null,\"UUID\":\"845c6b9a-f7d9-4379-a1ae-d6d22e444197\",\"N\":2},{\"ID\":\"2\",\"REFID\":null,\"TITLE\":\"Adventure for Two\",\"ID_POST\":\"4\",\"TAG_LINE\":\"\",\"IMAGE\":\"postsection\\/image\\/2-printed-wedding-invitations-2015.jpg\",\"BACKGROUND_IMAGE\":\"\",\"BACKGROUND_COLOR\":\"\",\"VIDEO\":\"\",\"CONTENT\":\"Kitkat Pecson created this Adventure for Two wedding invitations for couples who love to travel as much as they do each other. The invite basically tells the whole love story with colorful maps and cultural references as the backdrop. Couples who have gone through so much to be together might also be able to appreciate the ambition of this design in trying to depict their journey towards marriage.\",\"LINK_PATH\":\"\",\"ORDERING\":\"0\",\"HIERACHY\":null,\"GUID\":\"1\",\"JSON\":null,\"UDID\":\"0\",\"WFID\":null,\"UUID\":\"33c4d204-e83a-4716-a6fe-8133d43afd02\",\"N\":2}],\"MENU_ITEM\":[{\"ID\":\"1\",\"REFID\":\"MNI0000000001\",\"TITLE\":\"Home\",\"CLASS\":null,\"TAG_LINE\":null,\"ID_MENU\":\"1\",\"PARENT\":\"0\",\"ID_PAGE\":null,\"ID_POST\":\"0\",\"ID_POST_CATEGORY\":\"0\",\"PATH\":\"index\",\"CUSTOM_CONTENT\":null,\"HAS_BREAK_AFTER\":null,\"ORDERING\":\"1\",\"ACL_ID_USER_GROUP\":\"0\",\"HIERACHY\":\"-0-\",\"GUID\":\"1\",\"JSON\":null,\"UDID\":\"0\",\"WFID\":null,\"UUID\":\"cd12c470-1ba9-11e5-a175-cc52af77857f\",\"N\":23},{\"ID\":\"3\",\"REFID\":\"MNI0000000003\",\"TITLE\":\"About\",\"CLASS\":\"\",\"TAG_LINE\":\"\",\"ID_MENU\":\"footer-menu\",\"PARENT\":\"0\",\"ID_PAGE\":\"0\",\"ID_POST\":\"0\",\"ID_POST_CATEGORY\":\"0\",\"PATH\":\"#\",\"CUSTOM_CONTENT\":\"\",\"HAS_BREAK_AFTER\":\"0\",\"ORDERING\":\"0\",\"ACL_ID_USER_GROUP\":\"0\",\"HIERACHY\":\"-0-\",\"GUID\":\"1\",\"JSON\":null,\"UDID\":\"0\",\"WFID\":null,\"UUID\":\"321e5364-6558-4422-9da7-a65f32009a7d\",\"N\":23},{\"ID\":\"4\",\"REFID\":\"MNI0000000004\",\"TITLE\":\"Contact\",\"CLASS\":\"\",\"TAG_LINE\":\"\",\"ID_MENU\":\"footer-menu\",\"PARENT\":\"0\",\"ID_PAGE\":\"0\",\"ID_POST\":\"0\",\"ID_POST_CATEGORY\":\"0\",\"PATH\":\"\",\"CUSTOM_CONTENT\":\"\",\"HAS_BREAK_AFTER\":\"0\",\"ORDERING\":\"0\",\"ACL_ID_USER_GROUP\":\"0\",\"HIERACHY\":\"-0-\",\"GUID\":\"1\",\"JSON\":null,\"UDID\":\"0\",\"WFID\":null,\"UUID\":\"82efe6e6-d98e-4594-a2f4-e91516720897\",\"N\":23},{\"ID\":\"8\",\"REFID\":null,\"TITLE\":\"Home\",\"CLASS\":\"\",\"TAG_LINE\":\"\",\"ID_MENU\":\"main-menu\",\"PARENT\":null,\"ID_PAGE\":null,\"ID_POST\":null,\"ID_POST_CATEGORY\":null,\"PATH\":\"\",\"CUSTOM_CONTENT\":\"\",\"HAS_BREAK_AFTER\":\"0\",\"ORDERING\":\"1\",\"ACL_ID_USER_GROUP\":null,\"HIERACHY\":null,\"GUID\":\"1\",\"JSON\":null,\"UDID\":\"0\",\"WFID\":null,\"UUID\":\"d4f8b5fa-30d3-41be-99bd-fa7f1d437274\",\"N\":23},{\"ID\":\"9\",\"REFID\":null,\"TITLE\":\"Dev \\/ Design\",\"CLASS\":\"\",\"TAG_LINE\":\"\",\"ID_MENU\":\"main-menu\",\"PARENT\":null,\"ID_PAGE\":null,\"ID_POST\":null,\"ID_POST_CATEGORY\":\"35\",\"PATH\":\"\",\"CUSTOM_CONTENT\":\"\",\"HAS_BREAK_AFTER\":\"0\",\"ORDERING\":\"2\",\"ACL_ID_USER_GROUP\":null,\"HIERACHY\":null,\"GUID\":\"1\",\"JSON\":null,\"UDID\":\"0\",\"WFID\":null,\"UUID\":\"123f03a7-a6a2-417b-bced-1bccffb8142e\",\"N\":23},{\"ID\":\"10\",\"REFID\":null,\"TITLE\":\"Technology\",\"CLASS\":\"\",\"TAG_LINE\":\"\",\"ID_MENU\":\"main-menu\",\"PARENT\":null,\"ID_PAGE\":null,\"ID_POST\":null,\"ID_POST_CATEGORY\":\"31\",\"PATH\":\"\",\"CUSTOM_CONTENT\":\"\",\"HAS_BREAK_AFTER\":\"0\",\"ORDERING\":\"5\",\"ACL_ID_USER_GROUP\":null,\"HIERACHY\":null,\"GUID\":\"1\",\"JSON\":null,\"UDID\":\"0\",\"WFID\":null,\"UUID\":\"b92a5b36-52b4-4c60-b002-f82cb57ce7a4\",\"N\":23},{\"ID\":\"11\",\"REFID\":null,\"TITLE\":\"Inspiration\",\"CLASS\":\"\",\"TAG_LINE\":\"\",\"ID_MENU\":\"main-menu\",\"PARENT\":null,\"ID_PAGE\":null,\"ID_POST\":null,\"ID_POST_CATEGORY\":\"33\",\"PATH\":\"\",\"CUSTOM_CONTENT\":\"\",\"HAS_BREAK_AFTER\":\"0\",\"ORDERING\":\"11\",\"ACL_ID_USER_GROUP\":null,\"HIERACHY\":null,\"GUID\":\"1\",\"JSON\":null,\"UDID\":\"0\",\"WFID\":null,\"UUID\":\"1bfd2598-3f9c-4c3a-9008-17d2a1886e94\",\"N\":23},{\"ID\":\"12\",\"REFID\":null,\"TITLE\":\"Social Commerce\",\"CLASS\":\"\",\"TAG_LINE\":\"\",\"ID_MENU\":\"main-menu\",\"PARENT\":null,\"ID_PAGE\":null,\"ID_POST\":null,\"ID_POST_CATEGORY\":\"34\",\"PATH\":\"\",\"CUSTOM_CONTENT\":\"\",\"HAS_BREAK_AFTER\":\"0\",\"ORDERING\":\"16\",\"ACL_ID_USER_GROUP\":null,\"HIERACHY\":null,\"GUID\":\"1\",\"JSON\":null,\"UDID\":\"0\",\"WFID\":null,\"UUID\":\"1c548202-0ebf-4a08-a4a8-2d94b4f793a0\",\"N\":23},{\"ID\":\"14\",\"REFID\":null,\"TITLE\":\"Web design\",\"CLASS\":\"\",\"TAG_LINE\":\"\",\"ID_MENU\":\"main-menu\",\"PARENT\":\"9\",\"ID_PAGE\":null,\"ID_POST\":null,\"ID_POST_CATEGORY\":\"32\",\"PATH\":\"\",\"CUSTOM_CONTENT\":\"\",\"HAS_BREAK_AFTER\":\"0\",\"ORDERING\":\"4\",\"ACL_ID_USER_GROUP\":null,\"HIERACHY\":\"-9-\",\"GUID\":\"1\",\"JSON\":null,\"UDID\":\"0\",\"WFID\":null,\"UUID\":\"d11ef73c-21ef-4145-9fff-772729f355b1\",\"N\":23},{\"ID\":\"15\",\"REFID\":null,\"TITLE\":\"Coding\",\"CLASS\":\"\",\"TAG_LINE\":\"\",\"ID_MENU\":\"main-menu\",\"PARENT\":\"9\",\"ID_PAGE\":null,\"ID_POST\":null,\"ID_POST_CATEGORY\":\"36\",\"PATH\":\"\",\"CUSTOM_CONTENT\":\"\",\"HAS_BREAK_AFTER\":\"0\",\"ORDERING\":\"3\",\"ACL_ID_USER_GROUP\":null,\"HIERACHY\":\"-9-\",\"GUID\":\"1\",\"JSON\":null,\"UDID\":\"0\",\"WFID\":null,\"UUID\":\"e83e5686-5fbf-4400-8263-75b313f984ef\",\"N\":23},{\"ID\":\"16\",\"REFID\":null,\"TITLE\":\"Gadgets\",\"CLASS\":\"\",\"TAG_LINE\":\"\",\"ID_MENU\":\"main-menu\",\"PARENT\":\"10\",\"ID_PAGE\":null,\"ID_POST\":null,\"ID_POST_CATEGORY\":\"37\",\"PATH\":\"\",\"CUSTOM_CONTENT\":\"\",\"HAS_BREAK_AFTER\":\"0\",\"ORDERING\":\"6\",\"ACL_ID_USER_GROUP\":null,\"HIERACHY\":\"-10-\",\"GUID\":\"1\",\"JSON\":null,\"UDID\":\"0\",\"WFID\":null,\"UUID\":\"5a8139ee-0319-44e4-9b38-927b94498db4\",\"N\":23},{\"ID\":\"17\",\"REFID\":null,\"TITLE\":\"Internet\",\"CLASS\":\"\",\"TAG_LINE\":\"\",\"ID_MENU\":\"main-menu\",\"PARENT\":\"10\",\"ID_PAGE\":null,\"ID_POST\":null,\"ID_POST_CATEGORY\":\"38\",\"PATH\":\"\",\"CUSTOM_CONTENT\":\"\",\"HAS_BREAK_AFTER\":\"0\",\"ORDERING\":\"7\",\"ACL_ID_USER_GROUP\":null,\"HIERACHY\":\"-10-\",\"GUID\":\"1\",\"JSON\":null,\"UDID\":\"0\",\"WFID\":null,\"UUID\":\"e901786f-5aa2-4427-9448-15c15ad19353\",\"N\":23},{\"ID\":\"18\",\"REFID\":null,\"TITLE\":\"Hosting\",\"CLASS\":\"\",\"TAG_LINE\":\"\",\"ID_MENU\":\"main-menu\",\"PARENT\":\"10\",\"ID_PAGE\":null,\"ID_POST\":null,\"ID_POST_CATEGORY\":\"39\",\"PATH\":\"\",\"CUSTOM_CONTENT\":\"\",\"HAS_BREAK_AFTER\":\"0\",\"ORDERING\":\"8\",\"ACL_ID_USER_GROUP\":null,\"HIERACHY\":\"-10-\",\"GUID\":\"1\",\"JSON\":null,\"UDID\":\"0\",\"WFID\":null,\"UUID\":\"be41233a-52ce-436c-9f51-a2ca2888df0f\",\"N\":23},{\"ID\":\"19\",\"REFID\":null,\"TITLE\":\"Desktop\",\"CLASS\":\"\",\"TAG_LINE\":\"\",\"ID_MENU\":\"main-menu\",\"PARENT\":\"10\",\"ID_PAGE\":null,\"ID_POST\":null,\"ID_POST_CATEGORY\":\"40\",\"PATH\":\"\",\"CUSTOM_CONTENT\":\"\",\"HAS_BREAK_AFTER\":\"0\",\"ORDERING\":\"9\",\"ACL_ID_USER_GROUP\":null,\"HIERACHY\":\"-10-\",\"GUID\":\"1\",\"JSON\":null,\"UDID\":\"0\",\"WFID\":null,\"UUID\":\"37915719-74c1-4caf-8836-4c228e1ce86d\",\"N\":23},{\"ID\":\"20\",\"REFID\":null,\"TITLE\":\"Mobile\",\"CLASS\":\"\",\"TAG_LINE\":\"\",\"ID_MENU\":\"main-menu\",\"PARENT\":\"10\",\"ID_PAGE\":null,\"ID_POST\":null,\"ID_POST_CATEGORY\":\"41\",\"PATH\":\"\",\"CUSTOM_CONTENT\":\"\",\"HAS_BREAK_AFTER\":\"0\",\"ORDERING\":\"10\",\"ACL_ID_USER_GROUP\":null,\"HIERACHY\":\"-10-\",\"GUID\":\"1\",\"JSON\":null,\"UDID\":\"0\",\"WFID\":null,\"UUID\":\"75fb8d44-7e3b-45f3-8420-dee63f6bf36b\",\"N\":23},{\"ID\":\"21\",\"REFID\":null,\"TITLE\":\"Artworks\",\"CLASS\":\"\",\"TAG_LINE\":\"\",\"ID_MENU\":\"main-menu\",\"PARENT\":\"11\",\"ID_PAGE\":null,\"ID_POST\":null,\"ID_POST_CATEGORY\":\"42\",\"PATH\":\"\",\"CUSTOM_CONTENT\":\"\",\"HAS_BREAK_AFTER\":\"0\",\"ORDERING\":\"12\",\"ACL_ID_USER_GROUP\":null,\"HIERACHY\":\"-11-\",\"GUID\":\"1\",\"JSON\":null,\"UDID\":\"0\",\"WFID\":null,\"UUID\":\"bca400fc-3111-4e78-8a8d-9936bcdcc47e\",\"N\":23},{\"ID\":\"22\",\"REFID\":null,\"TITLE\":\"People\",\"CLASS\":\"\",\"TAG_LINE\":\"\",\"ID_MENU\":\"main-menu\",\"PARENT\":\"11\",\"ID_PAGE\":null,\"ID_POST\":null,\"ID_POST_CATEGORY\":\"43\",\"PATH\":\"\",\"CUSTOM_CONTENT\":\"\",\"HAS_BREAK_AFTER\":\"0\",\"ORDERING\":\"13\",\"ACL_ID_USER_GROUP\":null,\"HIERACHY\":\"-11-\",\"GUID\":\"1\",\"JSON\":null,\"UDID\":\"0\",\"WFID\":null,\"UUID\":\"aae3e3de-21a0-46ce-827a-a265b7e6eb2c\",\"N\":23},{\"ID\":\"23\",\"REFID\":null,\"TITLE\":\"Wallpapers\",\"CLASS\":\"\",\"TAG_LINE\":\"\",\"ID_MENU\":\"main-menu\",\"PARENT\":\"11\",\"ID_PAGE\":null,\"ID_POST\":null,\"ID_POST_CATEGORY\":\"44\",\"PATH\":\"\",\"CUSTOM_CONTENT\":\"\",\"HAS_BREAK_AFTER\":\"0\",\"ORDERING\":\"14\",\"ACL_ID_USER_GROUP\":null,\"HIERACHY\":\"-11-\",\"GUID\":\"1\",\"JSON\":null,\"UDID\":\"0\",\"WFID\":null,\"UUID\":\"3567ab16-1b23-453f-a990-45f36f03c574\",\"N\":23},{\"ID\":\"24\",\"REFID\":null,\"TITLE\":\"Gifts\",\"CLASS\":\"\",\"TAG_LINE\":\"\",\"ID_MENU\":\"main-menu\",\"PARENT\":\"11\",\"ID_PAGE\":null,\"ID_POST\":null,\"ID_POST_CATEGORY\":\"45\",\"PATH\":\"\",\"CUSTOM_CONTENT\":\"\",\"HAS_BREAK_AFTER\":\"0\",\"ORDERING\":\"15\",\"ACL_ID_USER_GROUP\":null,\"HIERACHY\":\"-11-\",\"GUID\":\"1\",\"JSON\":null,\"UDID\":\"0\",\"WFID\":null,\"UUID\":\"1db31b21-ea79-48f5-8d54-acef33148061\",\"N\":23},{\"ID\":\"25\",\"REFID\":null,\"TITLE\":\"Startups\",\"CLASS\":\"\",\"TAG_LINE\":\"\",\"ID_MENU\":\"main-menu\",\"PARENT\":\"12\",\"ID_PAGE\":null,\"ID_POST\":null,\"ID_POST_CATEGORY\":\"46\",\"PATH\":\"\",\"CUSTOM_CONTENT\":\"\",\"HAS_BREAK_AFTER\":\"0\",\"ORDERING\":\"17\",\"ACL_ID_USER_GROUP\":null,\"HIERACHY\":\"-12-\",\"GUID\":\"1\",\"JSON\":null,\"UDID\":\"0\",\"WFID\":null,\"UUID\":\"9a6e7fa8-7225-4826-bd9a-f3c0859a3bea\",\"N\":23},{\"ID\":\"26\",\"REFID\":null,\"TITLE\":\"Social Media\",\"CLASS\":\"\",\"TAG_LINE\":\"\",\"ID_MENU\":\"main-menu\",\"PARENT\":\"12\",\"ID_PAGE\":null,\"ID_POST\":null,\"ID_POST_CATEGORY\":\"47\",\"PATH\":\"\",\"CUSTOM_CONTENT\":\"\",\"HAS_BREAK_AFTER\":\"0\",\"ORDERING\":\"18\",\"ACL_ID_USER_GROUP\":null,\"HIERACHY\":\"-12-\",\"GUID\":\"1\",\"JSON\":null,\"UDID\":\"0\",\"WFID\":null,\"UUID\":\"cc8dbf1a-c56a-4e72-adb2-0ecb3b454e33\",\"N\":23},{\"ID\":\"27\",\"REFID\":null,\"TITLE\":\"Blogging\",\"CLASS\":\"\",\"TAG_LINE\":\"\",\"ID_MENU\":\"main-menu\",\"PARENT\":\"12\",\"ID_PAGE\":null,\"ID_POST\":null,\"ID_POST_CATEGORY\":\"49\",\"PATH\":\"\",\"CUSTOM_CONTENT\":\"\",\"HAS_BREAK_AFTER\":\"0\",\"ORDERING\":\"19\",\"ACL_ID_USER_GROUP\":null,\"HIERACHY\":\"-12-\",\"GUID\":\"1\",\"JSON\":null,\"UDID\":\"0\",\"WFID\":null,\"UUID\":\"43d7d146-43cf-4c98-9e26-92e099834862\",\"N\":23},{\"ID\":\"28\",\"REFID\":null,\"TITLE\":\"Ecommerce\",\"CLASS\":\"\",\"TAG_LINE\":\"\",\"ID_MENU\":\"main-menu\",\"PARENT\":\"12\",\"ID_PAGE\":null,\"ID_POST\":null,\"ID_POST_CATEGORY\":\"48\",\"PATH\":\"\",\"CUSTOM_CONTENT\":\"\",\"HAS_BREAK_AFTER\":\"0\",\"ORDERING\":\"20\",\"ACL_ID_USER_GROUP\":null,\"HIERACHY\":\"-12-\",\"GUID\":\"1\",\"JSON\":null,\"UDID\":\"0\",\"WFID\":null,\"UUID\":\"39b39bcd-694f-4307-adef-f785eafa4d09\",\"N\":23}]}',0,NULL,'53f1d9de-67e0-424e-a98b-52fb22307776');
INSERT IGNORE INTO `POST` (`ID`, `REFID`, `TITLE`, `SLUG`, `ID_POST_TYPE`, `ID_POST_CATEGORY`, `IMAGE`, `META_KEYWORDS`, `META_DESCRIPTION`, `EXCERPT`, `CONTENT`, `TAGS`, `AUTHOR`, `EXTERNAL_LINK`, `ID_TEMPLATE`, `CREATION_DATE`, `LATEST_UPDATE`, `IS_FEATURED`, `NBR_VIEWS`, `GUID`, `JSON`, `UDID`, `WFID`, `UUID`) VALUES (5,NULL,'Google Polymer – How It’ll Change the Way Web Apps are Built','google-polymer-–-how-it’ll-change-the-way-web-apps-are-built','article',36,'post/image/google-polymer.jpg','','','Along with <a href=\"http://www.hongkiat.com/blog/using-google-photos/\">Google Photos</a>, Google has also rebuilt <a href=\"https://www.polymer-project.org/1.0/\" rel=\"external\">Polymer</a> from scratch, addressing performance improvement and efficiency.','<p>Along with <a href=\"http://www.hongkiat.com/blog/using-google-photos/\">Google Photos</a>, Google has also rebuilt <a href=\"https://www.polymer-project.org/1.0/\" rel=\"external\">Polymer</a> from scratch, addressing performance improvement and efficiency. Think of Polymer as an SDK (Software Development Kit) for the Web, one which makes<strong> web application development</strong> so much faster using a new standard called <a href=\"http://w3c.github.io/webcomponents/explainer/\" rel=\"external\">Web Components</a>.</p>\r\n<h4>About Web Components</h4>\r\n<p>The best way to understand how Web Components works is by looking at the current standard elements like <code></code>. When we add <code></code> along with the URL sources of the audio, web browsers will render this element as an audio player with the play and pause button, the time rail as well as the volume slider. Ever wonder how the player controls are built and styled?</p>\r\n<p>The UI control player is hidden beneath as Shadow Roots, also known as<strong>Shadow DOM</strong>. To view Shadow DOM, launch the <strong>Chrome DevTools</strong> &gt; click on the <strong>Cog</strong> icon &gt; select the <strong>Show user agent shadow DOM</strong> option.</p>\r\n<p>In the following screenshot, you can find a stack of <code></code></p>\r\n<div> </div>\r\n<p><code></code> and <code><input type=\"text\" /></code>elements that build the UI player controls in secret.</p>','','','','blog-post',NULL,NULL,1,9.00,1,NULL,0,NULL,'899348ac-5528-40c2-8ad7-e7fd847ad62b');
INSERT IGNORE INTO `POST` (`ID`, `REFID`, `TITLE`, `SLUG`, `ID_POST_TYPE`, `ID_POST_CATEGORY`, `IMAGE`, `META_KEYWORDS`, `META_DESCRIPTION`, `EXCERPT`, `CONTENT`, `TAGS`, `AUTHOR`, `EXTERNAL_LINK`, `ID_TEMPLATE`, `CREATION_DATE`, `LATEST_UPDATE`, `IS_FEATURED`, `NBR_VIEWS`, `GUID`, `JSON`, `UDID`, `WFID`, `UUID`) VALUES (6,NULL,'10 Useful Image Tools Every Social Marketer Needs','10-useful-image-tools-every-social-marketer-needs','article',47,'post/image/social-media-imaging-tools.jpg','','','If you work with social media a lot, you must know that every platform requires different dimensions for the photos you upload.','<p>If you work with social media a lot, you must know that every platform requires different dimensions for the photos you upload. These dimensions ensure that you can create the best-looking photo for that position or location, be it a<a href=\"http://www.hongkiat.com/blog/creative-facebook-timeline-covers/\">Facebook cover photo</a> or a <a href=\"http://www.hongkiat.com/blog/google-plus-cover-photos/\">cover photo for Google Plus</a>, a Twitter header or more.</p>\r\n<p>To do this manually is a pointless venture because now there are plenty of tools that can help you manipulate your images into the dimensions and sizes suitable for most, if not all social networking sites out there. Here are 10 great tools that have help you better manage your images for higher social engagement online.</p>','designer','','','blog-post',NULL,NULL,1,2.00,1,'{\"POST_SECTION\":[{\"ID\":\"3\",\"REFID\":null,\"TITLE\":\"1. Social Image Resizer Tool\",\"ID_POST\":\"6\",\"TAG_LINE\":\"\",\"IMAGE\":\"postsection\\/image\\/social-image-resizer-tool.jpg\",\"BACKGROUND_IMAGE\":\"\",\"BACKGROUND_COLOR\":\"\",\"VIDEO\":\"\",\"CONTENT\":\"Social media is fickle-minded. There are so many image size rules for so many social networking sites that it will be a surprise if you can keep track of them all e.g. Facebook requires 315px by 851px for its cover photo, while Twitter requires 1500px by 500px.\",\"LINK_PATH\":\"\",\"ORDERING\":\"0\",\"HIERACHY\":null,\"GUID\":\"1\",\"JSON\":null,\"UDID\":\"0\",\"WFID\":null,\"UUID\":\"f25bbd0d-f7ea-44f3-b4be-ef76f13d6d01\",\"N\":1}]}',0,NULL,'8579389d-098e-4312-a8f3-6df6f38c3b57');
INSERT IGNORE INTO `POST` (`ID`, `REFID`, `TITLE`, `SLUG`, `ID_POST_TYPE`, `ID_POST_CATEGORY`, `IMAGE`, `META_KEYWORDS`, `META_DESCRIPTION`, `EXCERPT`, `CONTENT`, `TAGS`, `AUTHOR`, `EXTERNAL_LINK`, `ID_TEMPLATE`, `CREATION_DATE`, `LATEST_UPDATE`, `IS_FEATURED`, `NBR_VIEWS`, `GUID`, `JSON`, `UDID`, `WFID`, `UUID`) VALUES (7,NULL,'50 Freelance Job Sites For Designers & Programmers','50-freelance-job-sites-for-designers-programmers','article',50,'post/image/50-freelance-job-sites-for-designers-programmers-best-of.jpg','','','Being a freelancer can be extremely advantageous and is probably a dream for many designers and developers who are tired of the cubicle lifestyle','Being a freelancer can be extremely advantageous and is probably a dream for many designers and developers who are tired of the cubicle lifestyle. Not only do you get to <strong>choose only the <a class=\"aal\" title=\"jobs\" href=\"http://hongki.at/freelancer\" rel=\"nofollow\" target=\"_blank\">jobs</a> you are really interested in</strong>, you also have total flexibility in terms of <strong>time</strong>, <strong>whom you want to work with</strong>, and <strong>where you want to work at</strong>.','freelance, designer','Lorem','','blog-post',NULL,NULL,1,5.00,1,NULL,0,NULL,'d912b679-e16f-4097-ba41-a259133a51e3');
INSERT IGNORE INTO `POST` (`ID`, `REFID`, `TITLE`, `SLUG`, `ID_POST_TYPE`, `ID_POST_CATEGORY`, `IMAGE`, `META_KEYWORDS`, `META_DESCRIPTION`, `EXCERPT`, `CONTENT`, `TAGS`, `AUTHOR`, `EXTERNAL_LINK`, `ID_TEMPLATE`, `CREATION_DATE`, `LATEST_UPDATE`, `IS_FEATURED`, `NBR_VIEWS`, `GUID`, `JSON`, `UDID`, `WFID`, `UUID`) VALUES (8,NULL,'10 Really Smart Gadgets to Increase Productivity','10-really-smart-gadgets-to-increase-productivity','article',37,'post/image/smart-gadgets.jpg','','','Lately, more and more technologically advanced innovations are taking shape in handheld or mobile gadgets. Smartphones aren’t the only smart gadgets we use these days.','<p>Lately, more and more technologically advanced innovations are taking shape in handheld or mobile gadgets. Smartphones aren’t the only smart gadgets we use these days. We have the smartwatch, smart TV, <a href=\"http://www.hongkiat.com/blog/future-car-technology/\">smart cars</a>, and more. But not all gadgets that carry the label \"smart\", is actually smart, it just means that it is connected to the smartphone via an app or via Bluetooth.</p>\r\n<p>Keeping that at the back of our heads, we dug around for gadgets with above-average smarts, the kind that helps make our life easier. We found a few items that can help you keep track of your things, a very smart lock that can also help save your life, as well as a pen that will change the way you work online. Let’s take a look.</p>','','','','blog-post',NULL,NULL,1,2.00,1,NULL,0,NULL,'c8561279-0f9e-4625-9374-26e2cb11f48b');
INSERT IGNORE INTO `POST` (`ID`, `REFID`, `TITLE`, `SLUG`, `ID_POST_TYPE`, `ID_POST_CATEGORY`, `IMAGE`, `META_KEYWORDS`, `META_DESCRIPTION`, `EXCERPT`, `CONTENT`, `TAGS`, `AUTHOR`, `EXTERNAL_LINK`, `ID_TEMPLATE`, `CREATION_DATE`, `LATEST_UPDATE`, `IS_FEATURED`, `NBR_VIEWS`, `GUID`, `JSON`, `UDID`, `WFID`, `UUID`) VALUES (9,NULL,'20 Lessons The Avengers Can Teach You About Design','20-lessons-the-avengers-can-teach-you-about-design','article',32,'post/image/design-lessons-from-avengers.jpg','','','<strong>Avengers: Age of Ultron</strong> is currently the talk of the town, so let’s talk about this famous super-team.','<strong>Avengers: Age of Ultron</strong> is currently the talk of the town, so let’s talk about this famous super-team. There are six distinct characters, each with their own well-established franchise, and each with a unique color scheme, personality, and overall “feel.” And most interestingly, each of them has a few lessons to teach us.','','','','blog-post',NULL,NULL,1,2.00,1,NULL,0,NULL,'5cbe0c6e-01b8-4098-b78e-084aa92a97e6');

INSERT IGNORE INTO `POST_SECTION` (`ID`, `REFID`, `TITLE`, `ID_POST`, `TAG_LINE`, `IMAGE`, `BACKGROUND_IMAGE`, `BACKGROUND_COLOR`, `VIDEO`, `CONTENT`, `LINK_PATH`, `ORDERING`, `HIERACHY`, `GUID`, `JSON`, `UDID`, `WFID`, `UUID`) VALUES (1,NULL,'A Double Invite In 3D',4,'','postsection/image/1-printed-wedding-invitations-2015.jpg','','','','Amy aka the bride created these invites to her surprise wedding under the guise of her two year old’s birthday party. With a pair of 3D decoder glasses, guests can get looped in on the double celebration they will be attending.','',0,NULL,1,NULL,0,NULL,'845c6b9a-f7d9-4379-a1ae-d6d22e444197');
INSERT IGNORE INTO `POST_SECTION` (`ID`, `REFID`, `TITLE`, `ID_POST`, `TAG_LINE`, `IMAGE`, `BACKGROUND_IMAGE`, `BACKGROUND_COLOR`, `VIDEO`, `CONTENT`, `LINK_PATH`, `ORDERING`, `HIERACHY`, `GUID`, `JSON`, `UDID`, `WFID`, `UUID`) VALUES (2,NULL,'Adventure for Two',4,'','postsection/image/2-printed-wedding-invitations-2015.jpg','','','','Kitkat Pecson created this Adventure for Two wedding invitations for couples who love to travel as much as they do each other. The invite basically tells the whole love story with colorful maps and cultural references as the backdrop. Couples who have gone through so much to be together might also be able to appreciate the ambition of this design in trying to depict their journey towards marriage.','',0,NULL,1,NULL,0,NULL,'33c4d204-e83a-4716-a6fe-8133d43afd02');
INSERT IGNORE INTO `POST_SECTION` (`ID`, `REFID`, `TITLE`, `ID_POST`, `TAG_LINE`, `IMAGE`, `BACKGROUND_IMAGE`, `BACKGROUND_COLOR`, `VIDEO`, `CONTENT`, `LINK_PATH`, `ORDERING`, `HIERACHY`, `GUID`, `JSON`, `UDID`, `WFID`, `UUID`) VALUES (3,NULL,'1. Social Image Resizer Tool',6,'','postsection/image/social-image-resizer-tool.jpg','','','','Social media is fickle-minded. There are so many image size rules for so many social networking sites that it will be a surprise if you can keep track of them all e.g. Facebook requires 315px by 851px for its cover photo, while Twitter requires 1500px by 500px.','',0,NULL,1,NULL,0,NULL,'f25bbd0d-f7ea-44f3-b4be-ef76f13d6d01');

INSERT IGNORE INTO `TEMPLATE` (`ID`, `REFID`, `NAME`, `CODE`, `MODULE`, `GUID`, `JSON`, `UDID`, `WFID`, `UUID`) VALUES (3,'TMP0000000003','Blog post','blog-post',NULL,1,NULL,0,NULL,'c590b9b9-6ac8-4243-b11e-cf1b69955a72');
INSERT IGNORE INTO `TEMPLATE` (`ID`, `REFID`, `NAME`, `CODE`, `MODULE`, `GUID`, `JSON`, `UDID`, `WFID`, `UUID`) VALUES (4,'TMP0000000004','Blog home','blog-home',NULL,1,NULL,0,NULL,'2566a98b-0615-4665-bd8e-0a482f5dc3e1');
INSERT IGNORE INTO `TEMPLATE` (`ID`, `REFID`, `NAME`, `CODE`, `MODULE`, `GUID`, `JSON`, `UDID`, `WFID`, `UUID`) VALUES (5,'TMP0000000005','Blog category','blog-category',NULL,1,NULL,0,NULL,'b9371a26-7a0f-4671-9a57-23b23d805b09');

INSERT IGNORE INTO `MENU` (`ID`, `REFID`, `NAME`, `CODE`, `CLASS`, `GUID`, `JSON`, `UDID`, `WFID`, `UUID`) VALUES (1,'MNU0000000001','Main menu','main-menu',NULL,1,NULL,0,NULL,'ccb88f59-1ba9-11e5-a175-cc52af77857f');
INSERT IGNORE INTO `MENU` (`ID`, `REFID`, `NAME`, `CODE`, `CLASS`, `GUID`, `JSON`, `UDID`, `WFID`, `UUID`) VALUES (2,'MNU0000000002','Footer menu','footer-menu','',1,NULL,0,NULL,'8692c849-4104-4f18-918a-5935d2d6a983');

INSERT IGNORE INTO `MENU_ITEM` (`ID`, `REFID`, `TITLE`, `CLASS`, `TAG_LINE`, `ID_MENU`, `PARENT`, `ID_PAGE`, `ID_POST`, `ID_POST_CATEGORY`, `PATH`, `CUSTOM_CONTENT`, `HAS_BREAK_AFTER`, `ORDERING`, `ACL_ID_USER_GROUP`, `HIERACHY`, `GUID`, `JSON`, `UDID`, `WFID`, `UUID`) VALUES (1,'MNI0000000001','Home',NULL,NULL,'1',0,NULL,0,0,'index',NULL,NULL,1,0,'-0-',1,NULL,0,NULL,'cd12c470-1ba9-11e5-a175-cc52af77857f');
INSERT IGNORE INTO `MENU_ITEM` (`ID`, `REFID`, `TITLE`, `CLASS`, `TAG_LINE`, `ID_MENU`, `PARENT`, `ID_PAGE`, `ID_POST`, `ID_POST_CATEGORY`, `PATH`, `CUSTOM_CONTENT`, `HAS_BREAK_AFTER`, `ORDERING`, `ACL_ID_USER_GROUP`, `HIERACHY`, `GUID`, `JSON`, `UDID`, `WFID`, `UUID`) VALUES (3,'MNI0000000003','About','','','footer-menu',0,0,0,0,'#','',0,0,0,'-0-',1,NULL,0,NULL,'321e5364-6558-4422-9da7-a65f32009a7d');
INSERT IGNORE INTO `MENU_ITEM` (`ID`, `REFID`, `TITLE`, `CLASS`, `TAG_LINE`, `ID_MENU`, `PARENT`, `ID_PAGE`, `ID_POST`, `ID_POST_CATEGORY`, `PATH`, `CUSTOM_CONTENT`, `HAS_BREAK_AFTER`, `ORDERING`, `ACL_ID_USER_GROUP`, `HIERACHY`, `GUID`, `JSON`, `UDID`, `WFID`, `UUID`) VALUES (4,'MNI0000000004','Contact','','','footer-menu',0,0,0,0,'','',0,0,0,'-0-',1,NULL,0,NULL,'82efe6e6-d98e-4594-a2f4-e91516720897');
INSERT IGNORE INTO `MENU_ITEM` (`ID`, `REFID`, `TITLE`, `CLASS`, `TAG_LINE`, `ID_MENU`, `PARENT`, `ID_PAGE`, `ID_POST`, `ID_POST_CATEGORY`, `PATH`, `CUSTOM_CONTENT`, `HAS_BREAK_AFTER`, `ORDERING`, `ACL_ID_USER_GROUP`, `HIERACHY`, `GUID`, `JSON`, `UDID`, `WFID`, `UUID`) VALUES (8,NULL,'Home','','','main-menu',NULL,NULL,NULL,NULL,'','',0,1,NULL,NULL,1,NULL,0,NULL,'d4f8b5fa-30d3-41be-99bd-fa7f1d437274');
INSERT IGNORE INTO `MENU_ITEM` (`ID`, `REFID`, `TITLE`, `CLASS`, `TAG_LINE`, `ID_MENU`, `PARENT`, `ID_PAGE`, `ID_POST`, `ID_POST_CATEGORY`, `PATH`, `CUSTOM_CONTENT`, `HAS_BREAK_AFTER`, `ORDERING`, `ACL_ID_USER_GROUP`, `HIERACHY`, `GUID`, `JSON`, `UDID`, `WFID`, `UUID`) VALUES (9,NULL,'Dev / Design','','','main-menu',NULL,NULL,NULL,35,'','',0,2,NULL,NULL,1,NULL,0,NULL,'123f03a7-a6a2-417b-bced-1bccffb8142e');
INSERT IGNORE INTO `MENU_ITEM` (`ID`, `REFID`, `TITLE`, `CLASS`, `TAG_LINE`, `ID_MENU`, `PARENT`, `ID_PAGE`, `ID_POST`, `ID_POST_CATEGORY`, `PATH`, `CUSTOM_CONTENT`, `HAS_BREAK_AFTER`, `ORDERING`, `ACL_ID_USER_GROUP`, `HIERACHY`, `GUID`, `JSON`, `UDID`, `WFID`, `UUID`) VALUES (10,NULL,'Technology','','','main-menu',NULL,NULL,NULL,31,'','',0,5,NULL,NULL,1,NULL,0,NULL,'b92a5b36-52b4-4c60-b002-f82cb57ce7a4');
INSERT IGNORE INTO `MENU_ITEM` (`ID`, `REFID`, `TITLE`, `CLASS`, `TAG_LINE`, `ID_MENU`, `PARENT`, `ID_PAGE`, `ID_POST`, `ID_POST_CATEGORY`, `PATH`, `CUSTOM_CONTENT`, `HAS_BREAK_AFTER`, `ORDERING`, `ACL_ID_USER_GROUP`, `HIERACHY`, `GUID`, `JSON`, `UDID`, `WFID`, `UUID`) VALUES (11,NULL,'Inspiration','','','main-menu',NULL,NULL,NULL,33,'','',0,11,NULL,NULL,1,NULL,0,NULL,'1bfd2598-3f9c-4c3a-9008-17d2a1886e94');
INSERT IGNORE INTO `MENU_ITEM` (`ID`, `REFID`, `TITLE`, `CLASS`, `TAG_LINE`, `ID_MENU`, `PARENT`, `ID_PAGE`, `ID_POST`, `ID_POST_CATEGORY`, `PATH`, `CUSTOM_CONTENT`, `HAS_BREAK_AFTER`, `ORDERING`, `ACL_ID_USER_GROUP`, `HIERACHY`, `GUID`, `JSON`, `UDID`, `WFID`, `UUID`) VALUES (12,NULL,'Social Commerce','','','main-menu',NULL,NULL,NULL,34,'','',0,16,NULL,NULL,1,NULL,0,NULL,'1c548202-0ebf-4a08-a4a8-2d94b4f793a0');
INSERT IGNORE INTO `MENU_ITEM` (`ID`, `REFID`, `TITLE`, `CLASS`, `TAG_LINE`, `ID_MENU`, `PARENT`, `ID_PAGE`, `ID_POST`, `ID_POST_CATEGORY`, `PATH`, `CUSTOM_CONTENT`, `HAS_BREAK_AFTER`, `ORDERING`, `ACL_ID_USER_GROUP`, `HIERACHY`, `GUID`, `JSON`, `UDID`, `WFID`, `UUID`) VALUES (14,NULL,'Web design','','','main-menu',9,NULL,NULL,32,'','',0,4,NULL,'-9-',1,NULL,0,NULL,'d11ef73c-21ef-4145-9fff-772729f355b1');
INSERT IGNORE INTO `MENU_ITEM` (`ID`, `REFID`, `TITLE`, `CLASS`, `TAG_LINE`, `ID_MENU`, `PARENT`, `ID_PAGE`, `ID_POST`, `ID_POST_CATEGORY`, `PATH`, `CUSTOM_CONTENT`, `HAS_BREAK_AFTER`, `ORDERING`, `ACL_ID_USER_GROUP`, `HIERACHY`, `GUID`, `JSON`, `UDID`, `WFID`, `UUID`) VALUES (15,NULL,'Coding','','','main-menu',9,NULL,NULL,36,'','',0,3,NULL,'-9-',1,NULL,0,NULL,'e83e5686-5fbf-4400-8263-75b313f984ef');
INSERT IGNORE INTO `MENU_ITEM` (`ID`, `REFID`, `TITLE`, `CLASS`, `TAG_LINE`, `ID_MENU`, `PARENT`, `ID_PAGE`, `ID_POST`, `ID_POST_CATEGORY`, `PATH`, `CUSTOM_CONTENT`, `HAS_BREAK_AFTER`, `ORDERING`, `ACL_ID_USER_GROUP`, `HIERACHY`, `GUID`, `JSON`, `UDID`, `WFID`, `UUID`) VALUES (16,NULL,'Gadgets','','','main-menu',10,NULL,NULL,37,'','',0,6,NULL,'-10-',1,NULL,0,NULL,'5a8139ee-0319-44e4-9b38-927b94498db4');
INSERT IGNORE INTO `MENU_ITEM` (`ID`, `REFID`, `TITLE`, `CLASS`, `TAG_LINE`, `ID_MENU`, `PARENT`, `ID_PAGE`, `ID_POST`, `ID_POST_CATEGORY`, `PATH`, `CUSTOM_CONTENT`, `HAS_BREAK_AFTER`, `ORDERING`, `ACL_ID_USER_GROUP`, `HIERACHY`, `GUID`, `JSON`, `UDID`, `WFID`, `UUID`) VALUES (17,NULL,'Internet','','','main-menu',10,NULL,NULL,38,'','',0,7,NULL,'-10-',1,NULL,0,NULL,'e901786f-5aa2-4427-9448-15c15ad19353');
INSERT IGNORE INTO `MENU_ITEM` (`ID`, `REFID`, `TITLE`, `CLASS`, `TAG_LINE`, `ID_MENU`, `PARENT`, `ID_PAGE`, `ID_POST`, `ID_POST_CATEGORY`, `PATH`, `CUSTOM_CONTENT`, `HAS_BREAK_AFTER`, `ORDERING`, `ACL_ID_USER_GROUP`, `HIERACHY`, `GUID`, `JSON`, `UDID`, `WFID`, `UUID`) VALUES (18,NULL,'Hosting','','','main-menu',10,NULL,NULL,39,'','',0,8,NULL,'-10-',1,NULL,0,NULL,'be41233a-52ce-436c-9f51-a2ca2888df0f');
INSERT IGNORE INTO `MENU_ITEM` (`ID`, `REFID`, `TITLE`, `CLASS`, `TAG_LINE`, `ID_MENU`, `PARENT`, `ID_PAGE`, `ID_POST`, `ID_POST_CATEGORY`, `PATH`, `CUSTOM_CONTENT`, `HAS_BREAK_AFTER`, `ORDERING`, `ACL_ID_USER_GROUP`, `HIERACHY`, `GUID`, `JSON`, `UDID`, `WFID`, `UUID`) VALUES (19,NULL,'Desktop','','','main-menu',10,NULL,NULL,40,'','',0,9,NULL,'-10-',1,NULL,0,NULL,'37915719-74c1-4caf-8836-4c228e1ce86d');
INSERT IGNORE INTO `MENU_ITEM` (`ID`, `REFID`, `TITLE`, `CLASS`, `TAG_LINE`, `ID_MENU`, `PARENT`, `ID_PAGE`, `ID_POST`, `ID_POST_CATEGORY`, `PATH`, `CUSTOM_CONTENT`, `HAS_BREAK_AFTER`, `ORDERING`, `ACL_ID_USER_GROUP`, `HIERACHY`, `GUID`, `JSON`, `UDID`, `WFID`, `UUID`) VALUES (20,NULL,'Mobile','','','main-menu',10,NULL,NULL,41,'','',0,10,NULL,'-10-',1,NULL,0,NULL,'75fb8d44-7e3b-45f3-8420-dee63f6bf36b');
INSERT IGNORE INTO `MENU_ITEM` (`ID`, `REFID`, `TITLE`, `CLASS`, `TAG_LINE`, `ID_MENU`, `PARENT`, `ID_PAGE`, `ID_POST`, `ID_POST_CATEGORY`, `PATH`, `CUSTOM_CONTENT`, `HAS_BREAK_AFTER`, `ORDERING`, `ACL_ID_USER_GROUP`, `HIERACHY`, `GUID`, `JSON`, `UDID`, `WFID`, `UUID`) VALUES (21,NULL,'Artworks','','','main-menu',11,NULL,NULL,42,'','',0,12,NULL,'-11-',1,NULL,0,NULL,'bca400fc-3111-4e78-8a8d-9936bcdcc47e');
INSERT IGNORE INTO `MENU_ITEM` (`ID`, `REFID`, `TITLE`, `CLASS`, `TAG_LINE`, `ID_MENU`, `PARENT`, `ID_PAGE`, `ID_POST`, `ID_POST_CATEGORY`, `PATH`, `CUSTOM_CONTENT`, `HAS_BREAK_AFTER`, `ORDERING`, `ACL_ID_USER_GROUP`, `HIERACHY`, `GUID`, `JSON`, `UDID`, `WFID`, `UUID`) VALUES (22,NULL,'People','','','main-menu',11,NULL,NULL,43,'','',0,13,NULL,'-11-',1,NULL,0,NULL,'aae3e3de-21a0-46ce-827a-a265b7e6eb2c');
INSERT IGNORE INTO `MENU_ITEM` (`ID`, `REFID`, `TITLE`, `CLASS`, `TAG_LINE`, `ID_MENU`, `PARENT`, `ID_PAGE`, `ID_POST`, `ID_POST_CATEGORY`, `PATH`, `CUSTOM_CONTENT`, `HAS_BREAK_AFTER`, `ORDERING`, `ACL_ID_USER_GROUP`, `HIERACHY`, `GUID`, `JSON`, `UDID`, `WFID`, `UUID`) VALUES (23,NULL,'Wallpapers','','','main-menu',11,NULL,NULL,44,'','',0,14,NULL,'-11-',1,NULL,0,NULL,'3567ab16-1b23-453f-a990-45f36f03c574');
INSERT IGNORE INTO `MENU_ITEM` (`ID`, `REFID`, `TITLE`, `CLASS`, `TAG_LINE`, `ID_MENU`, `PARENT`, `ID_PAGE`, `ID_POST`, `ID_POST_CATEGORY`, `PATH`, `CUSTOM_CONTENT`, `HAS_BREAK_AFTER`, `ORDERING`, `ACL_ID_USER_GROUP`, `HIERACHY`, `GUID`, `JSON`, `UDID`, `WFID`, `UUID`) VALUES (24,NULL,'Gifts','','','main-menu',11,NULL,NULL,45,'','',0,15,NULL,'-11-',1,NULL,0,NULL,'1db31b21-ea79-48f5-8d54-acef33148061');
INSERT IGNORE INTO `MENU_ITEM` (`ID`, `REFID`, `TITLE`, `CLASS`, `TAG_LINE`, `ID_MENU`, `PARENT`, `ID_PAGE`, `ID_POST`, `ID_POST_CATEGORY`, `PATH`, `CUSTOM_CONTENT`, `HAS_BREAK_AFTER`, `ORDERING`, `ACL_ID_USER_GROUP`, `HIERACHY`, `GUID`, `JSON`, `UDID`, `WFID`, `UUID`) VALUES (25,NULL,'Startups','','','main-menu',12,NULL,NULL,46,'','',0,17,NULL,'-12-',1,NULL,0,NULL,'9a6e7fa8-7225-4826-bd9a-f3c0859a3bea');
INSERT IGNORE INTO `MENU_ITEM` (`ID`, `REFID`, `TITLE`, `CLASS`, `TAG_LINE`, `ID_MENU`, `PARENT`, `ID_PAGE`, `ID_POST`, `ID_POST_CATEGORY`, `PATH`, `CUSTOM_CONTENT`, `HAS_BREAK_AFTER`, `ORDERING`, `ACL_ID_USER_GROUP`, `HIERACHY`, `GUID`, `JSON`, `UDID`, `WFID`, `UUID`) VALUES (26,NULL,'Social Media','','','main-menu',12,NULL,NULL,47,'','',0,18,NULL,'-12-',1,NULL,0,NULL,'cc8dbf1a-c56a-4e72-adb2-0ecb3b454e33');
INSERT IGNORE INTO `MENU_ITEM` (`ID`, `REFID`, `TITLE`, `CLASS`, `TAG_LINE`, `ID_MENU`, `PARENT`, `ID_PAGE`, `ID_POST`, `ID_POST_CATEGORY`, `PATH`, `CUSTOM_CONTENT`, `HAS_BREAK_AFTER`, `ORDERING`, `ACL_ID_USER_GROUP`, `HIERACHY`, `GUID`, `JSON`, `UDID`, `WFID`, `UUID`) VALUES (27,NULL,'Blogging','','','main-menu',12,NULL,NULL,49,'','',0,19,NULL,'-12-',1,NULL,0,NULL,'43d7d146-43cf-4c98-9e26-92e099834862');
INSERT IGNORE INTO `MENU_ITEM` (`ID`, `REFID`, `TITLE`, `CLASS`, `TAG_LINE`, `ID_MENU`, `PARENT`, `ID_PAGE`, `ID_POST`, `ID_POST_CATEGORY`, `PATH`, `CUSTOM_CONTENT`, `HAS_BREAK_AFTER`, `ORDERING`, `ACL_ID_USER_GROUP`, `HIERACHY`, `GUID`, `JSON`, `UDID`, `WFID`, `UUID`) VALUES (28,NULL,'Ecommerce','','','main-menu',12,NULL,NULL,48,'','',0,20,NULL,'-12-',1,NULL,0,NULL,'39b39bcd-694f-4307-adef-f785eafa4d09');
INSERT IGNORE INTO `MENU_ITEM` (`ID`, `REFID`, `TITLE`, `CLASS`, `TAG_LINE`, `ID_MENU`, `PARENT`, `ID_PAGE`, `ID_POST`, `ID_POST_CATEGORY`, `PATH`, `CUSTOM_CONTENT`, `HAS_BREAK_AFTER`, `ORDERING`, `ACL_ID_USER_GROUP`, `HIERACHY`, `GUID`, `JSON`, `UDID`, `WFID`, `UUID`) VALUES (29,NULL,'Deals','','','main-menu',NULL,NULL,NULL,NULL,'http://extremeframework.com','',0,0,NULL,NULL,1,NULL,0,NULL,'e7afe914-b239-4e1d-82be-33de7c2d2eef');