-- MySQL dump 10.13  Distrib 5.6.17, for Win64 (x86_64)
--
-- Host: localhost    Database: extremeframework-git
-- ------------------------------------------------------
-- Server version	5.6.17

/*!40101 SET @OLD_CHARACTER_SET_CLIENT=@@CHARACTER_SET_CLIENT */;
/*!40101 SET @OLD_CHARACTER_SET_RESULTS=@@CHARACTER_SET_RESULTS */;
/*!40101 SET @OLD_COLLATION_CONNECTION=@@COLLATION_CONNECTION */;
/*!40101 SET NAMES utf8 */;
/*!40103 SET @OLD_TIME_ZONE=@@TIME_ZONE */;
/*!40103 SET TIME_ZONE='+00:00' */;
/*!40014 SET @OLD_UNIQUE_CHECKS=@@UNIQUE_CHECKS, UNIQUE_CHECKS=0 */;
/*!40014 SET @OLD_FOREIGN_KEY_CHECKS=@@FOREIGN_KEY_CHECKS, FOREIGN_KEY_CHECKS=0 */;
/*!40101 SET @OLD_SQL_MODE=@@SQL_MODE, SQL_MODE='NO_AUTO_VALUE_ON_ZERO' */;
/*!40111 SET @OLD_SQL_NOTES=@@SQL_NOTES, SQL_NOTES=0 */;

--
-- Table structure for table `ADMIN_ORDER`
--

/*!40101 SET @saved_cs_client     = @@character_set_client */;
/*!40101 SET character_set_client = utf8 */;
CREATE TABLE IF NOT EXISTS `ADMIN_ORDER` (
  `ID` int(11) NOT NULL AUTO_INCREMENT,
  `REFID` varchar(16) COLLATE utf8_unicode_ci DEFAULT NULL,
  `CUSTOMER_ID_COUNTRY` varchar(128) COLLATE utf8_unicode_ci DEFAULT NULL,
  `CUSTOMER_FIRST_NAME` varchar(128) COLLATE utf8_unicode_ci DEFAULT NULL,
  `CUSTOMER_LAST_NAME` varchar(128) COLLATE utf8_unicode_ci DEFAULT NULL,
  `CUSTOMER_ADDRESS` varchar(128) COLLATE utf8_unicode_ci DEFAULT NULL,
  `CUSTOMER_CITY` varchar(128) COLLATE utf8_unicode_ci DEFAULT NULL,
  `CUSTOMER_STATE` varchar(128) COLLATE utf8_unicode_ci DEFAULT NULL,
  `CUSTOMER_ZIP_CODE` varchar(128) COLLATE utf8_unicode_ci DEFAULT NULL,
  `CUSTOMER_EMAIL` varchar(255) COLLATE utf8_unicode_ci DEFAULT NULL,
  `CUSTOMER_PHONE` varchar(16) COLLATE utf8_unicode_ci DEFAULT NULL,
  `TOTAL_VALUE` double(10,2) DEFAULT NULL,
  `COUPON_CODE` varchar(16) COLLATE utf8_unicode_ci DEFAULT NULL,
  `COUPON_DISCOUNT` double(10,2) DEFAULT NULL,
  `ID_PAYMENT_TYPE` varchar(11) COLLATE utf8_unicode_ci DEFAULT NULL,
  `CREATION_DATE` datetime DEFAULT NULL,
  `PAYMENT_DATE` datetime DEFAULT NULL,
  `PAYMENT_REF` varchar(32) COLLATE utf8_unicode_ci DEFAULT NULL,
  `REFUND_DATE` datetime DEFAULT NULL,
  `REFUND_REF` varchar(32) COLLATE utf8_unicode_ci DEFAULT NULL,
  `PROCESSED_DATE` datetime DEFAULT NULL,
  `ID_ADMIN_ORDER_STATUS` varchar(11) COLLATE utf8_unicode_ci DEFAULT NULL,
  `NOTE` varchar(255) COLLATE utf8_unicode_ci DEFAULT NULL,
  `GUID` int(11) DEFAULT NULL,
  `JSON` text COLLATE utf8_unicode_ci,
  `UDID` int(11) DEFAULT NULL,
  `WFID` varchar(24) COLLATE utf8_unicode_ci DEFAULT NULL,
  `UUID` char(36) COLLATE utf8_unicode_ci DEFAULT NULL,
  PRIMARY KEY (`ID`),
  KEY `IDX_GUID` (`GUID`),
  KEY `IDX_UUID` (`UUID`),
  KEY `IDX_UDID` (`UDID`),
  KEY `IDX_WFID` (`WFID`),
  KEY `IDX_ID_PAYMENT_TYPE` (`ID_PAYMENT_TYPE`),
  KEY `IDX_ID_ADMIN_ORDER_STATUS` (`ID_ADMIN_ORDER_STATUS`)
) ENGINE=InnoDB DEFAULT CHARSET=utf8 COLLATE=utf8_unicode_ci;
/*!40101 SET character_set_client = @saved_cs_client */;

--
-- Dumping data for table `ADMIN_ORDER`
--

/*!40000 ALTER TABLE `ADMIN_ORDER` DISABLE KEYS */;
/*!40000 ALTER TABLE `ADMIN_ORDER` ENABLE KEYS */;

--
-- Table structure for table `PAYMENT_TYPE`
--

/*!40101 SET @saved_cs_client     = @@character_set_client */;
/*!40101 SET character_set_client = utf8 */;
CREATE TABLE IF NOT EXISTS `PAYMENT_TYPE` (
  `ID` int(11) NOT NULL AUTO_INCREMENT,
  `REFID` varchar(16) COLLATE utf8_unicode_ci DEFAULT NULL,
  `NAME` varchar(128) COLLATE utf8_unicode_ci DEFAULT NULL,
  `CODE` varchar(11) COLLATE utf8_unicode_ci DEFAULT NULL,
  `IS_ENABLED` tinyint(1) DEFAULT NULL,
  `INSTRUCTION` text COLLATE utf8_unicode_ci,
  `ORDERING` tinyint(2) DEFAULT NULL,
  `NOTE` varchar(255) COLLATE utf8_unicode_ci DEFAULT NULL,
  `GUID` int(11) DEFAULT NULL,
  `JSON` text COLLATE utf8_unicode_ci,
  `UDID` int(11) DEFAULT NULL,
  `WFID` varchar(11) COLLATE utf8_unicode_ci DEFAULT NULL,
  `UUID` char(36) COLLATE utf8_unicode_ci DEFAULT NULL,
  PRIMARY KEY (`ID`),
  KEY `IDX_GUID` (`GUID`),
  KEY `IDX_UUID` (`UUID`),
  KEY `IDX_UDID` (`UDID`),
  KEY `IDX_WFID` (`WFID`),
  KEY `IDX_CODE` (`CODE`)
) ENGINE=InnoDB DEFAULT CHARSET=utf8 COLLATE=utf8_unicode_ci;
/*!40101 SET character_set_client = @saved_cs_client */;

--
-- Dumping data for table `PAYMENT_TYPE`
--

/*!40000 ALTER TABLE `PAYMENT_TYPE` DISABLE KEYS */;
INSERT IGNORE INTO `PAYMENT_TYPE` (`ID`, `REFID`, `NAME`, `CODE`, `IS_ENABLED`, `INSTRUCTION`, `ORDERING`, `NOTE`, `GUID`, `JSON`, `UDID`, `WFID`, `UUID`) VALUES (1,'PMT0000000001','Credit card','card',NULL,'',1,NULL,1,NULL,0,NULL,'0ec34862-2004-11e5-b60c-cc52af77857f');
INSERT IGNORE INTO `PAYMENT_TYPE` (`ID`, `REFID`, `NAME`, `CODE`, `IS_ENABLED`, `INSTRUCTION`, `ORDERING`, `NOTE`, `GUID`, `JSON`, `UDID`, `WFID`, `UUID`) VALUES (2,'PMT0000000002','PayPal','paypal',NULL,'',2,NULL,1,NULL,0,NULL,'0ec34d3a-2004-11e5-b60c-cc52af77857f');
INSERT IGNORE INTO `PAYMENT_TYPE` (`ID`, `REFID`, `NAME`, `CODE`, `IS_ENABLED`, `INSTRUCTION`, `ORDERING`, `NOTE`, `GUID`, `JSON`, `UDID`, `WFID`, `UUID`) VALUES (3,'PMT0000000003','Free','free',NULL,NULL,NULL,NULL,1,NULL,0,NULL,'0ec34ef3-2004-11e5-b60c-cc52af77857f');
/*!40000 ALTER TABLE `PAYMENT_TYPE` ENABLE KEYS */;

--
-- Table structure for table `ADMIN_ORDER_STATUS`
--

/*!40101 SET @saved_cs_client     = @@character_set_client */;
/*!40101 SET character_set_client = utf8 */;
CREATE TABLE IF NOT EXISTS `ADMIN_ORDER_STATUS` (
  `ID` int(11) NOT NULL AUTO_INCREMENT,
  `REFID` varchar(16) COLLATE utf8_unicode_ci DEFAULT NULL,
  `NAME` varchar(128) COLLATE utf8_unicode_ci DEFAULT NULL,
  `CODE` varchar(11) COLLATE utf8_unicode_ci DEFAULT NULL,
  `ORDERING` tinyint(2) DEFAULT NULL,
  `GUID` int(11) DEFAULT NULL,
  `JSON` text COLLATE utf8_unicode_ci,
  `UDID` int(11) DEFAULT NULL,
  `WFID` varchar(11) COLLATE utf8_unicode_ci DEFAULT NULL,
  `UUID` char(36) COLLATE utf8_unicode_ci DEFAULT NULL,
  PRIMARY KEY (`ID`),
  UNIQUE KEY `uniquekey` (`CODE`),
  KEY `IDX_GUID` (`GUID`),
  KEY `IDX_UUID` (`UUID`),
  KEY `IDX_UDID` (`UDID`),
  KEY `IDX_WFID` (`WFID`),
  KEY `IDX_CODE` (`CODE`)
) ENGINE=InnoDB DEFAULT CHARSET=utf8 COLLATE=utf8_unicode_ci;
/*!40101 SET character_set_client = @saved_cs_client */;

--
-- Dumping data for table `ADMIN_ORDER_STATUS`
--

/*!40000 ALTER TABLE `ADMIN_ORDER_STATUS` DISABLE KEYS */;
INSERT IGNORE INTO `ADMIN_ORDER_STATUS` (`ID`, `REFID`, `NAME`, `CODE`, `ORDERING`, `GUID`, `JSON`, `UDID`, `WFID`, `UUID`) VALUES (1,'AOS0000000001','Unpaid','unpaid',1,1,NULL,0,NULL,'0f0eb056-2004-11e5-b60c-cc52af77857f');
INSERT IGNORE INTO `ADMIN_ORDER_STATUS` (`ID`, `REFID`, `NAME`, `CODE`, `ORDERING`, `GUID`, `JSON`, `UDID`, `WFID`, `UUID`) VALUES (2,'AOS0000000002','Paid','paid',2,1,NULL,0,NULL,'0f0eb343-2004-11e5-b60c-cc52af77857f');
INSERT IGNORE INTO `ADMIN_ORDER_STATUS` (`ID`, `REFID`, `NAME`, `CODE`, `ORDERING`, `GUID`, `JSON`, `UDID`, `WFID`, `UUID`) VALUES (3,'AOS0000000003','Paid & Processed','paid-proces',3,1,NULL,0,NULL,'0f0eb43b-2004-11e5-b60c-cc52af77857f');
INSERT IGNORE INTO `ADMIN_ORDER_STATUS` (`ID`, `REFID`, `NAME`, `CODE`, `ORDERING`, `GUID`, `JSON`, `UDID`, `WFID`, `UUID`) VALUES (4,'AOS0000000004','Refunded','refunded',4,1,NULL,0,NULL,'0f0eb511-2004-11e5-b60c-cc52af77857f');
INSERT IGNORE INTO `ADMIN_ORDER_STATUS` (`ID`, `REFID`, `NAME`, `CODE`, `ORDERING`, `GUID`, `JSON`, `UDID`, `WFID`, `UUID`) VALUES (5,'AOS0000000005','Refunded & Processed','refunded-pr',5,1,NULL,0,NULL,'0f0eb5de-2004-11e5-b60c-cc52af77857f');
/*!40000 ALTER TABLE `ADMIN_ORDER_STATUS` ENABLE KEYS */;

--
-- Table structure for table `ADMIN_ORDER_ITEM`
--

/*!40101 SET @saved_cs_client     = @@character_set_client */;
/*!40101 SET character_set_client = utf8 */;
CREATE TABLE IF NOT EXISTS `ADMIN_ORDER_ITEM` (
  `ID` int(11) NOT NULL AUTO_INCREMENT,
  `REFID` varchar(16) COLLATE utf8_unicode_ci DEFAULT NULL,
  `ID_ADMIN_ORDER` int(11) DEFAULT NULL,
  `ID_ADMIN_PRODUCT` int(11) DEFAULT NULL,
  `QUANTITY` smallint(3) DEFAULT NULL,
  `PRICE` double(10,2) DEFAULT NULL,
  `GUID` int(11) DEFAULT NULL,
  `JSON` text COLLATE utf8_unicode_ci,
  `UDID` int(11) DEFAULT NULL,
  `WFID` varchar(24) COLLATE utf8_unicode_ci DEFAULT NULL,
  `UUID` char(36) COLLATE utf8_unicode_ci DEFAULT NULL,
  PRIMARY KEY (`ID`),
  KEY `IDX_GUID` (`GUID`),
  KEY `IDX_UUID` (`UUID`),
  KEY `IDX_UDID` (`UDID`),
  KEY `IDX_WFID` (`WFID`),
  KEY `IDX_ID_ADMIN_ORDER` (`ID_ADMIN_ORDER`),
  KEY `IDX_ID_ADMIN_PRODUCT` (`ID_ADMIN_PRODUCT`)
) ENGINE=InnoDB DEFAULT CHARSET=utf8 COLLATE=utf8_unicode_ci;
/*!40101 SET character_set_client = @saved_cs_client */;

--
-- Dumping data for table `ADMIN_ORDER_ITEM`
--

/*!40000 ALTER TABLE `ADMIN_ORDER_ITEM` DISABLE KEYS */;
/*!40000 ALTER TABLE `ADMIN_ORDER_ITEM` ENABLE KEYS */;

--
-- Table structure for table `ADMIN_PRODUCT`
--

/*!40101 SET @saved_cs_client     = @@character_set_client */;
/*!40101 SET character_set_client = utf8 */;
CREATE TABLE IF NOT EXISTS `ADMIN_PRODUCT` (
  `ID` int(11) NOT NULL AUTO_INCREMENT,
  `REFID` varchar(16) COLLATE utf8_unicode_ci DEFAULT NULL,
  `TITLE` varchar(128) COLLATE utf8_unicode_ci DEFAULT NULL,
  `TAG_LINE` varchar(128) COLLATE utf8_unicode_ci DEFAULT NULL,
  `IMAGE` varchar(255) COLLATE utf8_unicode_ci DEFAULT NULL,
  `LIST_PRICE` double(10,2) DEFAULT NULL,
  `PRICE` double(10,2) DEFAULT NULL,
  `DESCRIPTION` text COLLATE utf8_unicode_ci,
  `PRODUCT_ID_PAGE` int(11) DEFAULT NULL,
  `GUID` int(11) DEFAULT NULL,
  `JSON` text COLLATE utf8_unicode_ci,
  `UDID` int(11) DEFAULT NULL,
  `WFID` varchar(24) COLLATE utf8_unicode_ci DEFAULT NULL,
  `UUID` char(36) COLLATE utf8_unicode_ci DEFAULT NULL,
  PRIMARY KEY (`ID`),
  KEY `IDX_GUID` (`GUID`),
  KEY `IDX_UUID` (`UUID`),
  KEY `IDX_UDID` (`UDID`),
  KEY `IDX_WFID` (`WFID`),
  KEY `IDX_PRODUCT_ID_PAGE` (`PRODUCT_ID_PAGE`)
) ENGINE=InnoDB DEFAULT CHARSET=utf8 COLLATE=utf8_unicode_ci;
/*!40101 SET character_set_client = @saved_cs_client */;

--
-- Dumping data for table `ADMIN_PRODUCT`
--

/*!40000 ALTER TABLE `ADMIN_PRODUCT` DISABLE KEYS */;
/*!40000 ALTER TABLE `ADMIN_PRODUCT` ENABLE KEYS */;
/*!40103 SET TIME_ZONE=@OLD_TIME_ZONE */;

/*!40101 SET SQL_MODE=@OLD_SQL_MODE */;
/*!40014 SET FOREIGN_KEY_CHECKS=@OLD_FOREIGN_KEY_CHECKS */;
/*!40014 SET UNIQUE_CHECKS=@OLD_UNIQUE_CHECKS */;
/*!40101 SET CHARACTER_SET_CLIENT=@OLD_CHARACTER_SET_CLIENT */;
/*!40101 SET CHARACTER_SET_RESULTS=@OLD_CHARACTER_SET_RESULTS */;
/*!40101 SET COLLATION_CONNECTION=@OLD_COLLATION_CONNECTION */;
/*!40111 SET SQL_NOTES=@OLD_SQL_NOTES */;

-- Dump completed
INSERT IGNORE INTO `ACCESS_RIGHT` (`REFID`, `ID_USER_GROUP`, `MODULE`, `ACTIONS`, `GUID`, `JSON`, `UDID`, `WFID`, `UUID`) VALUES ('ACR0000000044', '1', 'adminorder', 'menu list view new edit copy delete search import export report listpeer viewpeer editpeer deletepeer', '1', '', '0', '', '93e5f6b4-340b-11e5-acf4-cc52af77857f');
INSERT IGNORE INTO `ACCESS_RIGHT` (`REFID`, `ID_USER_GROUP`, `MODULE`, `ACTIONS`, `GUID`, `JSON`, `UDID`, `WFID`, `UUID`) VALUES ('ACR0000000050', '1', 'paymenttype', 'menu list view new edit copy delete search import export report listpeer viewpeer editpeer deletepeer', '1', '', '0', '', '93e6fb22-340b-11e5-acf4-cc52af77857f');
INSERT IGNORE INTO `ACCESS_RIGHT` (`REFID`, `ID_USER_GROUP`, `MODULE`, `ACTIONS`, `GUID`, `JSON`, `UDID`, `WFID`, `UUID`) VALUES ('ACR0000000057', '1', 'adminproduct', 'menu list view new edit copy delete search import export report listpeer viewpeer editpeer deletepeer', '1', '', '0', '', '93e8156f-340b-11e5-acf4-cc52af77857f');
INSERT IGNORE INTO `ACCESS_RIGHT` (`REFID`, `ID_USER_GROUP`, `MODULE`, `ACTIONS`, `GUID`, `JSON`, `UDID`, `WFID`, `UUID`) VALUES ('ACR0000000079', '1', 'adminorderitem', 'menu list view new edit copy delete search import export report listpeer viewpeer editpeer deletepeer', '1', '', '0', '', '93ec0384-340b-11e5-acf4-cc52af77857f');
INSERT IGNORE INTO `ACCESS_RIGHT` (`REFID`, `ID_USER_GROUP`, `MODULE`, `ACTIONS`, `GUID`, `JSON`, `UDID`, `WFID`, `UUID`) VALUES ('ACR0000000082', '1', 'adminorderstatus', 'menu list view new edit copy delete search import export report listpeer viewpeer editpeer deletepeer', '1', '', '0', '', '93ec6d43-340b-11e5-acf4-cc52af77857f');
INSERT IGNORE INTO `ADMIN_FILTER` (`REFID`, `NAME`, `MODULE`, `COLUMNS`, `IS_DEFAULT`, `GUID`, `JSON`, `WFID`, `UDID`, `UUID`) VALUES ('', 'All', 'adminorder', 'CUSTOMER_FIRST_NAME,CUSTOMER_LAST_NAME,CUSTOMER_ZIP_CODE,TOTAL_VALUE,COUPON_CODE,ID_PAYMENT_TYPE,ID_ADMIN_ORDER_STATUS', '1', '', '', '', '0', '');
INSERT IGNORE INTO `ADMIN_FILTER` (`REFID`, `NAME`, `MODULE`, `COLUMNS`, `IS_DEFAULT`, `GUID`, `JSON`, `WFID`, `UDID`, `UUID`) VALUES ('', 'All', 'adminorderitem', 'ID_ADMIN_ORDER,ID_ADMIN_PRODUCT,QUANTITY,PRICE', '1', '', '', '', '0', '');
INSERT IGNORE INTO `ADMIN_FILTER` (`REFID`, `NAME`, `MODULE`, `COLUMNS`, `IS_DEFAULT`, `GUID`, `JSON`, `WFID`, `UDID`, `UUID`) VALUES ('', 'All', 'adminorderstatus', 'NAME,CODE,ORDERING', '1', '', '', '', '0', '');
INSERT IGNORE INTO `ADMIN_FILTER` (`REFID`, `NAME`, `MODULE`, `COLUMNS`, `IS_DEFAULT`, `GUID`, `JSON`, `WFID`, `UDID`, `UUID`) VALUES ('', 'All', 'adminproduct', 'TITLE,IMAGE,LIST_PRICE,PRICE,PRODUCT_ID_PAGE', '1', '', '', '', '0', '');
INSERT IGNORE INTO `ADMIN_FILTER` (`REFID`, `NAME`, `MODULE`, `COLUMNS`, `IS_DEFAULT`, `GUID`, `JSON`, `WFID`, `UDID`, `UUID`) VALUES ('', 'All', 'paymenttype', 'NAME,CODE,IS_ENABLED,ORDERING', '1', '', '', '', '0', '');
INSERT IGNORE INTO `ADMIN_LABEL` (`LABEL`, `GUID`, `UDID`, `UUID`) VALUES ('Admin order status', 1, 0, UUID());
INSERT IGNORE INTO `ADMIN_LABEL` (`LABEL`, `GUID`, `UDID`, `UUID`) VALUES ('Admin order', 1, 0, UUID());
INSERT IGNORE INTO `ADMIN_LABEL` (`LABEL`, `GUID`, `UDID`, `UUID`) VALUES ('Admin product title', 1, 0, UUID());
INSERT IGNORE INTO `ADMIN_LABEL` (`LABEL`, `GUID`, `UDID`, `UUID`) VALUES ('Admin product', 1, 0, UUID());
INSERT IGNORE INTO `ADMIN_LABEL` (`LABEL`, `GUID`, `UDID`, `UUID`) VALUES ('Code', 1, 0, UUID());
INSERT IGNORE INTO `ADMIN_LABEL` (`LABEL`, `GUID`, `UDID`, `UUID`) VALUES ('Coupon code', 1, 0, UUID());
INSERT IGNORE INTO `ADMIN_LABEL` (`LABEL`, `GUID`, `UDID`, `UUID`) VALUES ('Coupon discount', 1, 0, UUID());
INSERT IGNORE INTO `ADMIN_LABEL` (`LABEL`, `GUID`, `UDID`, `UUID`) VALUES ('Creation date', 1, 0, UUID());
INSERT IGNORE INTO `ADMIN_LABEL` (`LABEL`, `GUID`, `UDID`, `UUID`) VALUES ('Customer address', 1, 0, UUID());
INSERT IGNORE INTO `ADMIN_LABEL` (`LABEL`, `GUID`, `UDID`, `UUID`) VALUES ('Customer city', 1, 0, UUID());
INSERT IGNORE INTO `ADMIN_LABEL` (`LABEL`, `GUID`, `UDID`, `UUID`) VALUES ('Customer country', 1, 0, UUID());
INSERT IGNORE INTO `ADMIN_LABEL` (`LABEL`, `GUID`, `UDID`, `UUID`) VALUES ('Customer email', 1, 0, UUID());
INSERT IGNORE INTO `ADMIN_LABEL` (`LABEL`, `GUID`, `UDID`, `UUID`) VALUES ('Customer first name', 1, 0, UUID());
INSERT IGNORE INTO `ADMIN_LABEL` (`LABEL`, `GUID`, `UDID`, `UUID`) VALUES ('Customer last name', 1, 0, UUID());
INSERT IGNORE INTO `ADMIN_LABEL` (`LABEL`, `GUID`, `UDID`, `UUID`) VALUES ('Customer phone', 1, 0, UUID());
INSERT IGNORE INTO `ADMIN_LABEL` (`LABEL`, `GUID`, `UDID`, `UUID`) VALUES ('Customer state', 1, 0, UUID());
INSERT IGNORE INTO `ADMIN_LABEL` (`LABEL`, `GUID`, `UDID`, `UUID`) VALUES ('Customer zip code', 1, 0, UUID());
INSERT IGNORE INTO `ADMIN_LABEL` (`LABEL`, `GUID`, `UDID`, `UUID`) VALUES ('Description', 1, 0, UUID());
INSERT IGNORE INTO `ADMIN_LABEL` (`LABEL`, `GUID`, `UDID`, `UUID`) VALUES ('Enabled?', 1, 0, UUID());
INSERT IGNORE INTO `ADMIN_LABEL` (`LABEL`, `GUID`, `UDID`, `UUID`) VALUES ('Image', 1, 0, UUID());
INSERT IGNORE INTO `ADMIN_LABEL` (`LABEL`, `GUID`, `UDID`, `UUID`) VALUES ('Instruction', 1, 0, UUID());
INSERT IGNORE INTO `ADMIN_LABEL` (`LABEL`, `GUID`, `UDID`, `UUID`) VALUES ('List price', 1, 0, UUID());
INSERT IGNORE INTO `ADMIN_LABEL` (`LABEL`, `GUID`, `UDID`, `UUID`) VALUES ('Note', 1, 0, UUID());
INSERT IGNORE INTO `ADMIN_LABEL` (`LABEL`, `GUID`, `UDID`, `UUID`) VALUES ('Payment date', 1, 0, UUID());
INSERT IGNORE INTO `ADMIN_LABEL` (`LABEL`, `GUID`, `UDID`, `UUID`) VALUES ('Payment ref', 1, 0, UUID());
INSERT IGNORE INTO `ADMIN_LABEL` (`LABEL`, `GUID`, `UDID`, `UUID`) VALUES ('Payment type name', 1, 0, UUID());
INSERT IGNORE INTO `ADMIN_LABEL` (`LABEL`, `GUID`, `UDID`, `UUID`) VALUES ('Payment type', 1, 0, UUID());
INSERT IGNORE INTO `ADMIN_LABEL` (`LABEL`, `GUID`, `UDID`, `UUID`) VALUES ('Price', 1, 0, UUID());
INSERT IGNORE INTO `ADMIN_LABEL` (`LABEL`, `GUID`, `UDID`, `UUID`) VALUES ('Processed date', 1, 0, UUID());
INSERT IGNORE INTO `ADMIN_LABEL` (`LABEL`, `GUID`, `UDID`, `UUID`) VALUES ('Product page', 1, 0, UUID());
INSERT IGNORE INTO `ADMIN_LABEL` (`LABEL`, `GUID`, `UDID`, `UUID`) VALUES ('Quantity', 1, 0, UUID());
INSERT IGNORE INTO `ADMIN_LABEL` (`LABEL`, `GUID`, `UDID`, `UUID`) VALUES ('Refund date', 1, 0, UUID());
INSERT IGNORE INTO `ADMIN_LABEL` (`LABEL`, `GUID`, `UDID`, `UUID`) VALUES ('Refund ref', 1, 0, UUID());
INSERT IGNORE INTO `ADMIN_LABEL` (`LABEL`, `GUID`, `UDID`, `UUID`) VALUES ('Tag line', 1, 0, UUID());
INSERT IGNORE INTO `ADMIN_LABEL` (`LABEL`, `GUID`, `UDID`, `UUID`) VALUES ('Total value', 1, 0, UUID());
INSERT IGNORE INTO `ADMIN_LANGUAGE_ITEM` (`ID_ADMIN_LANGUAGE`, `ID_ADMIN_LABEL`, `TRANSLATION`, `GUID`, `UDID`, `UUID`) VALUES (1, (SELECT ID FROM ADMIN_LABEL WHERE LABEL = 'Admin order status'), 'Admin order status', 1, 0, UUID());
INSERT IGNORE INTO `ADMIN_LANGUAGE_ITEM` (`ID_ADMIN_LANGUAGE`, `ID_ADMIN_LABEL`, `TRANSLATION`, `GUID`, `UDID`, `UUID`) VALUES (1, (SELECT ID FROM ADMIN_LABEL WHERE LABEL = 'Admin order'), 'Admin order', 1, 0, UUID());
INSERT IGNORE INTO `ADMIN_LANGUAGE_ITEM` (`ID_ADMIN_LANGUAGE`, `ID_ADMIN_LABEL`, `TRANSLATION`, `GUID`, `UDID`, `UUID`) VALUES (1, (SELECT ID FROM ADMIN_LABEL WHERE LABEL = 'Admin product title'), 'Admin product title', 1, 0, UUID());
INSERT IGNORE INTO `ADMIN_LANGUAGE_ITEM` (`ID_ADMIN_LANGUAGE`, `ID_ADMIN_LABEL`, `TRANSLATION`, `GUID`, `UDID`, `UUID`) VALUES (1, (SELECT ID FROM ADMIN_LABEL WHERE LABEL = 'Admin product'), 'Admin product', 1, 0, UUID());
INSERT IGNORE INTO `ADMIN_LANGUAGE_ITEM` (`ID_ADMIN_LANGUAGE`, `ID_ADMIN_LABEL`, `TRANSLATION`, `GUID`, `UDID`, `UUID`) VALUES (1, (SELECT ID FROM ADMIN_LABEL WHERE LABEL = 'Code'), 'Code', 1, 0, UUID());
INSERT IGNORE INTO `ADMIN_LANGUAGE_ITEM` (`ID_ADMIN_LANGUAGE`, `ID_ADMIN_LABEL`, `TRANSLATION`, `GUID`, `UDID`, `UUID`) VALUES (1, (SELECT ID FROM ADMIN_LABEL WHERE LABEL = 'Coupon code'), 'Coupon code', 1, 0, UUID());
INSERT IGNORE INTO `ADMIN_LANGUAGE_ITEM` (`ID_ADMIN_LANGUAGE`, `ID_ADMIN_LABEL`, `TRANSLATION`, `GUID`, `UDID`, `UUID`) VALUES (1, (SELECT ID FROM ADMIN_LABEL WHERE LABEL = 'Coupon discount'), 'Coupon discount', 1, 0, UUID());
INSERT IGNORE INTO `ADMIN_LANGUAGE_ITEM` (`ID_ADMIN_LANGUAGE`, `ID_ADMIN_LABEL`, `TRANSLATION`, `GUID`, `UDID`, `UUID`) VALUES (1, (SELECT ID FROM ADMIN_LABEL WHERE LABEL = 'Creation date'), 'Creation date', 1, 0, UUID());
INSERT IGNORE INTO `ADMIN_LANGUAGE_ITEM` (`ID_ADMIN_LANGUAGE`, `ID_ADMIN_LABEL`, `TRANSLATION`, `GUID`, `UDID`, `UUID`) VALUES (1, (SELECT ID FROM ADMIN_LABEL WHERE LABEL = 'Customer address'), 'Customer address', 1, 0, UUID());
INSERT IGNORE INTO `ADMIN_LANGUAGE_ITEM` (`ID_ADMIN_LANGUAGE`, `ID_ADMIN_LABEL`, `TRANSLATION`, `GUID`, `UDID`, `UUID`) VALUES (1, (SELECT ID FROM ADMIN_LABEL WHERE LABEL = 'Customer city'), 'Customer city', 1, 0, UUID());
INSERT IGNORE INTO `ADMIN_LANGUAGE_ITEM` (`ID_ADMIN_LANGUAGE`, `ID_ADMIN_LABEL`, `TRANSLATION`, `GUID`, `UDID`, `UUID`) VALUES (1, (SELECT ID FROM ADMIN_LABEL WHERE LABEL = 'Customer country'), 'Customer country', 1, 0, UUID());
INSERT IGNORE INTO `ADMIN_LANGUAGE_ITEM` (`ID_ADMIN_LANGUAGE`, `ID_ADMIN_LABEL`, `TRANSLATION`, `GUID`, `UDID`, `UUID`) VALUES (1, (SELECT ID FROM ADMIN_LABEL WHERE LABEL = 'Customer email'), 'Customer email', 1, 0, UUID());
INSERT IGNORE INTO `ADMIN_LANGUAGE_ITEM` (`ID_ADMIN_LANGUAGE`, `ID_ADMIN_LABEL`, `TRANSLATION`, `GUID`, `UDID`, `UUID`) VALUES (1, (SELECT ID FROM ADMIN_LABEL WHERE LABEL = 'Customer first name'), 'Customer first name', 1, 0, UUID());
INSERT IGNORE INTO `ADMIN_LANGUAGE_ITEM` (`ID_ADMIN_LANGUAGE`, `ID_ADMIN_LABEL`, `TRANSLATION`, `GUID`, `UDID`, `UUID`) VALUES (1, (SELECT ID FROM ADMIN_LABEL WHERE LABEL = 'Customer last name'), 'Customer last name', 1, 0, UUID());
INSERT IGNORE INTO `ADMIN_LANGUAGE_ITEM` (`ID_ADMIN_LANGUAGE`, `ID_ADMIN_LABEL`, `TRANSLATION`, `GUID`, `UDID`, `UUID`) VALUES (1, (SELECT ID FROM ADMIN_LABEL WHERE LABEL = 'Customer phone'), 'Customer phone', 1, 0, UUID());
INSERT IGNORE INTO `ADMIN_LANGUAGE_ITEM` (`ID_ADMIN_LANGUAGE`, `ID_ADMIN_LABEL`, `TRANSLATION`, `GUID`, `UDID`, `UUID`) VALUES (1, (SELECT ID FROM ADMIN_LABEL WHERE LABEL = 'Customer state'), 'Customer state', 1, 0, UUID());
INSERT IGNORE INTO `ADMIN_LANGUAGE_ITEM` (`ID_ADMIN_LANGUAGE`, `ID_ADMIN_LABEL`, `TRANSLATION`, `GUID`, `UDID`, `UUID`) VALUES (1, (SELECT ID FROM ADMIN_LABEL WHERE LABEL = 'Customer zip code'), 'Customer zip code', 1, 0, UUID());
INSERT IGNORE INTO `ADMIN_LANGUAGE_ITEM` (`ID_ADMIN_LANGUAGE`, `ID_ADMIN_LABEL`, `TRANSLATION`, `GUID`, `UDID`, `UUID`) VALUES (1, (SELECT ID FROM ADMIN_LABEL WHERE LABEL = 'Description'), 'Description', 1, 0, UUID());
INSERT IGNORE INTO `ADMIN_LANGUAGE_ITEM` (`ID_ADMIN_LANGUAGE`, `ID_ADMIN_LABEL`, `TRANSLATION`, `GUID`, `UDID`, `UUID`) VALUES (1, (SELECT ID FROM ADMIN_LABEL WHERE LABEL = 'Enabled?'), 'Enabled?', 1, 0, UUID());
INSERT IGNORE INTO `ADMIN_LANGUAGE_ITEM` (`ID_ADMIN_LANGUAGE`, `ID_ADMIN_LABEL`, `TRANSLATION`, `GUID`, `UDID`, `UUID`) VALUES (1, (SELECT ID FROM ADMIN_LABEL WHERE LABEL = 'Image'), 'Image', 1, 0, UUID());
INSERT IGNORE INTO `ADMIN_LANGUAGE_ITEM` (`ID_ADMIN_LANGUAGE`, `ID_ADMIN_LABEL`, `TRANSLATION`, `GUID`, `UDID`, `UUID`) VALUES (1, (SELECT ID FROM ADMIN_LABEL WHERE LABEL = 'Instruction'), 'Instruction', 1, 0, UUID());
INSERT IGNORE INTO `ADMIN_LANGUAGE_ITEM` (`ID_ADMIN_LANGUAGE`, `ID_ADMIN_LABEL`, `TRANSLATION`, `GUID`, `UDID`, `UUID`) VALUES (1, (SELECT ID FROM ADMIN_LABEL WHERE LABEL = 'List price'), 'List price', 1, 0, UUID());
INSERT IGNORE INTO `ADMIN_LANGUAGE_ITEM` (`ID_ADMIN_LANGUAGE`, `ID_ADMIN_LABEL`, `TRANSLATION`, `GUID`, `UDID`, `UUID`) VALUES (1, (SELECT ID FROM ADMIN_LABEL WHERE LABEL = 'Note'), 'Note', 1, 0, UUID());
INSERT IGNORE INTO `ADMIN_LANGUAGE_ITEM` (`ID_ADMIN_LANGUAGE`, `ID_ADMIN_LABEL`, `TRANSLATION`, `GUID`, `UDID`, `UUID`) VALUES (1, (SELECT ID FROM ADMIN_LABEL WHERE LABEL = 'Payment date'), 'Payment date', 1, 0, UUID());
INSERT IGNORE INTO `ADMIN_LANGUAGE_ITEM` (`ID_ADMIN_LANGUAGE`, `ID_ADMIN_LABEL`, `TRANSLATION`, `GUID`, `UDID`, `UUID`) VALUES (1, (SELECT ID FROM ADMIN_LABEL WHERE LABEL = 'Payment ref'), 'Payment ref', 1, 0, UUID());
INSERT IGNORE INTO `ADMIN_LANGUAGE_ITEM` (`ID_ADMIN_LANGUAGE`, `ID_ADMIN_LABEL`, `TRANSLATION`, `GUID`, `UDID`, `UUID`) VALUES (1, (SELECT ID FROM ADMIN_LABEL WHERE LABEL = 'Payment type name'), 'Payment type name', 1, 0, UUID());
INSERT IGNORE INTO `ADMIN_LANGUAGE_ITEM` (`ID_ADMIN_LANGUAGE`, `ID_ADMIN_LABEL`, `TRANSLATION`, `GUID`, `UDID`, `UUID`) VALUES (1, (SELECT ID FROM ADMIN_LABEL WHERE LABEL = 'Payment type'), 'Payment type', 1, 0, UUID());
INSERT IGNORE INTO `ADMIN_LANGUAGE_ITEM` (`ID_ADMIN_LANGUAGE`, `ID_ADMIN_LABEL`, `TRANSLATION`, `GUID`, `UDID`, `UUID`) VALUES (1, (SELECT ID FROM ADMIN_LABEL WHERE LABEL = 'Price'), 'Price', 1, 0, UUID());
INSERT IGNORE INTO `ADMIN_LANGUAGE_ITEM` (`ID_ADMIN_LANGUAGE`, `ID_ADMIN_LABEL`, `TRANSLATION`, `GUID`, `UDID`, `UUID`) VALUES (1, (SELECT ID FROM ADMIN_LABEL WHERE LABEL = 'Processed date'), 'Processed date', 1, 0, UUID());
INSERT IGNORE INTO `ADMIN_LANGUAGE_ITEM` (`ID_ADMIN_LANGUAGE`, `ID_ADMIN_LABEL`, `TRANSLATION`, `GUID`, `UDID`, `UUID`) VALUES (1, (SELECT ID FROM ADMIN_LABEL WHERE LABEL = 'Product page'), 'Product page', 1, 0, UUID());
INSERT IGNORE INTO `ADMIN_LANGUAGE_ITEM` (`ID_ADMIN_LANGUAGE`, `ID_ADMIN_LABEL`, `TRANSLATION`, `GUID`, `UDID`, `UUID`) VALUES (1, (SELECT ID FROM ADMIN_LABEL WHERE LABEL = 'Quantity'), 'Quantity', 1, 0, UUID());
INSERT IGNORE INTO `ADMIN_LANGUAGE_ITEM` (`ID_ADMIN_LANGUAGE`, `ID_ADMIN_LABEL`, `TRANSLATION`, `GUID`, `UDID`, `UUID`) VALUES (1, (SELECT ID FROM ADMIN_LABEL WHERE LABEL = 'Refund date'), 'Refund date', 1, 0, UUID());
INSERT IGNORE INTO `ADMIN_LANGUAGE_ITEM` (`ID_ADMIN_LANGUAGE`, `ID_ADMIN_LABEL`, `TRANSLATION`, `GUID`, `UDID`, `UUID`) VALUES (1, (SELECT ID FROM ADMIN_LABEL WHERE LABEL = 'Refund ref'), 'Refund ref', 1, 0, UUID());
INSERT IGNORE INTO `ADMIN_LANGUAGE_ITEM` (`ID_ADMIN_LANGUAGE`, `ID_ADMIN_LABEL`, `TRANSLATION`, `GUID`, `UDID`, `UUID`) VALUES (1, (SELECT ID FROM ADMIN_LABEL WHERE LABEL = 'Tag line'), 'Tag line', 1, 0, UUID());
INSERT IGNORE INTO `ADMIN_LANGUAGE_ITEM` (`ID_ADMIN_LANGUAGE`, `ID_ADMIN_LABEL`, `TRANSLATION`, `GUID`, `UDID`, `UUID`) VALUES (1, (SELECT ID FROM ADMIN_LABEL WHERE LABEL = 'Total value'), 'Total value', 1, 0, UUID());
INSERT IGNORE INTO `ADMIN_MENU_ITEM` (`REFID`, `NAME`, `ID_ADMIN_MENU`, `PARENT`, `MODULE`, `PATH`, `FONT_AWESOME_ICON`, `ENABLE_LEFT`, `ENABLE_TOP`, `ENABLE_QUICK`, `ENABLE_ALL`, `ENABLE_SETTINGS`, `OPEN_IN_NEW_WINDOW`, `IS_STARRED`, `ORDERING`, `GUID`, `JSON`, `UDID`, `WFID`, `UUID`, `HIERACHY`) VALUES ('AMI0000000605', 'Admin Orders', '1', '0', 'adminorder', '', 'fa-tint', '1', '0', '0', '0', '0', '', '', '99', '1', '', '0', '', '7ab9d5a2-304f-11e5-95d9-cc52af77857f', '-0-');
INSERT IGNORE INTO `ADMIN_MENU_ITEM` (`REFID`, `NAME`, `ID_ADMIN_MENU`, `PARENT`, `MODULE`, `PATH`, `FONT_AWESOME_ICON`, `ENABLE_LEFT`, `ENABLE_TOP`, `ENABLE_QUICK`, `ENABLE_ALL`, `ENABLE_SETTINGS`, `OPEN_IN_NEW_WINDOW`, `IS_STARRED`, `ORDERING`, `GUID`, `JSON`, `UDID`, `WFID`, `UUID`, `HIERACHY`) VALUES ('AMI0000000613', 'Payment Types', '1', '0', 'paymenttype', '', 'fa-file-text', '0', '0', '0', '0', '0', '', '', '99', '1', '', '0', '', '7abadb91-304f-11e5-95d9-cc52af77857f', '-0-');
INSERT IGNORE INTO `ADMIN_MENU_ITEM` (`REFID`, `NAME`, `ID_ADMIN_MENU`, `PARENT`, `MODULE`, `PATH`, `FONT_AWESOME_ICON`, `ENABLE_LEFT`, `ENABLE_TOP`, `ENABLE_QUICK`, `ENABLE_ALL`, `ENABLE_SETTINGS`, `OPEN_IN_NEW_WINDOW`, `IS_STARRED`, `ORDERING`, `GUID`, `JSON`, `UDID`, `WFID`, `UUID`, `HIERACHY`) VALUES ('AMI0000000622', 'Admin Products', '1', '0', 'adminproduct', '', 'fa-gavel', '1', '0', '0', '0', '0', '', '', '99', '1', '', '0', '', '7abbf559-304f-11e5-95d9-cc52af77857f', '-0-');
INSERT IGNORE INTO `ADMIN_MENU_ITEM` (`REFID`, `NAME`, `ID_ADMIN_MENU`, `PARENT`, `MODULE`, `PATH`, `FONT_AWESOME_ICON`, `ENABLE_LEFT`, `ENABLE_TOP`, `ENABLE_QUICK`, `ENABLE_ALL`, `ENABLE_SETTINGS`, `OPEN_IN_NEW_WINDOW`, `IS_STARRED`, `ORDERING`, `GUID`, `JSON`, `UDID`, `WFID`, `UUID`, `HIERACHY`) VALUES ('AMI0000000639', 'Admin Order Items', '1', '0', 'adminorderitem', '', 'fa-align-left', '0', '0', '0', '0', '0', '', '', '99', '1', '', '0', '', '7abe3ce5-304f-11e5-95d9-cc52af77857f', '-0-');
INSERT IGNORE INTO `ADMIN_MENU_ITEM` (`REFID`, `NAME`, `ID_ADMIN_MENU`, `PARENT`, `MODULE`, `PATH`, `FONT_AWESOME_ICON`, `ENABLE_LEFT`, `ENABLE_TOP`, `ENABLE_QUICK`, `ENABLE_ALL`, `ENABLE_SETTINGS`, `OPEN_IN_NEW_WINDOW`, `IS_STARRED`, `ORDERING`, `GUID`, `JSON`, `UDID`, `WFID`, `UUID`, `HIERACHY`) VALUES ('AMI0000000646', 'Admin Order Statuses', '1', '0', 'adminorderstatus', '', 'fa-music', '0', '0', '0', '0', '0', '', '', '99', '1', '', '0', '', '7abf3d51-304f-11e5-95d9-cc52af77857f', '-0-');
INSERT IGNORE INTO `ADMIN_MODULE` (`REFID`, `NAME`, `MODULE`, `ID_ADMIN_PACKAGE`, `PREFIX`, `AVAILABLE_ACTIONS`, `IS_COMMENT_ENABLED`, `GUID`, `JSON`, `UDID`, `WFID`, `UUID`) VALUES ('ADD0000000056', 'Admin Order', 'adminorder', 'admin.commerce', 'ADO', 'menu list view new edit copy delete search import export report validate viewpeer editpeer deletepeer', '', '1', '', '0', '', '4db94d04-2004-11e5-b60c-cc52af77857f');
INSERT IGNORE INTO `ADMIN_MODULE` (`REFID`, `NAME`, `MODULE`, `ID_ADMIN_PACKAGE`, `PREFIX`, `AVAILABLE_ACTIONS`, `IS_COMMENT_ENABLED`, `GUID`, `JSON`, `UDID`, `WFID`, `UUID`) VALUES ('ADD0000000057', 'Payment Type', 'paymenttype', 'admin.commerce', 'PMT', 'menu list view new edit copy delete search import export report validate viewpeer editpeer deletepeer', '', '1', '', '0', '', '4dba4d26-2004-11e5-b60c-cc52af77857f');
INSERT IGNORE INTO `ADMIN_MODULE` (`REFID`, `NAME`, `MODULE`, `ID_ADMIN_PACKAGE`, `PREFIX`, `AVAILABLE_ACTIONS`, `IS_COMMENT_ENABLED`, `GUID`, `JSON`, `UDID`, `WFID`, `UUID`) VALUES ('ADD0000000058', 'Admin Product', 'adminproduct', 'admin.commerce', 'ADP', 'menu list view new edit copy delete search import export report validate viewpeer editpeer deletepeer', '', '1', '', '0', '', '4dbb866c-2004-11e5-b60c-cc52af77857f');
INSERT IGNORE INTO `ADMIN_MODULE` (`REFID`, `NAME`, `MODULE`, `ID_ADMIN_PACKAGE`, `PREFIX`, `AVAILABLE_ACTIONS`, `IS_COMMENT_ENABLED`, `GUID`, `JSON`, `UDID`, `WFID`, `UUID`) VALUES ('ADD0000000059', 'Admin Order Item', 'adminorderitem', 'admin.commerce', 'AOI', 'menu list view new edit copy delete search import export report validate viewpeer editpeer deletepeer', '', '1', '', '0', '', '4dbe2a87-2004-11e5-b60c-cc52af77857f');
INSERT IGNORE INTO `ADMIN_MODULE` (`REFID`, `NAME`, `MODULE`, `ID_ADMIN_PACKAGE`, `PREFIX`, `AVAILABLE_ACTIONS`, `IS_COMMENT_ENABLED`, `GUID`, `JSON`, `UDID`, `WFID`, `UUID`) VALUES ('ADD0000000060', 'Admin Order Status', 'adminorderstatus', 'admin.commerce', 'AOS', 'menu list view new edit copy delete search import export report validate viewpeer editpeer deletepeer', '', '1', '', '0', '', '4dbecec8-2004-11e5-b60c-cc52af77857f');
INSERT IGNORE INTO `ADMIN_SEQUENCE` (`REFID`, `MODULE`, `SEQUENCE_FORMAT`, `CURRENT_VALUE`, `SEQUENCE_STEP`, `GUID`, `JSON`, `UDID`, `WFID`, `UUID`) VALUES ('ADS0000000033', 'adminorder', 'ADOxxxxxxxxxx', 'ADO0000000000', '1', '1', '', '0', '', '5db7a020-2f54-11e5-8947-cc52af77857f');
INSERT IGNORE INTO `ADMIN_SEQUENCE` (`REFID`, `MODULE`, `SEQUENCE_FORMAT`, `CURRENT_VALUE`, `SEQUENCE_STEP`, `GUID`, `JSON`, `UDID`, `WFID`, `UUID`) VALUES ('ADS0000000041', 'paymenttype', 'PMTxxxxxxxxxx', 'PMT0000000000', '1', '1', '', '0', '', '5db94691-2f54-11e5-8947-cc52af77857f');
INSERT IGNORE INTO `ADMIN_SEQUENCE` (`REFID`, `MODULE`, `SEQUENCE_FORMAT`, `CURRENT_VALUE`, `SEQUENCE_STEP`, `GUID`, `JSON`, `UDID`, `WFID`, `UUID`) VALUES ('ADS0000000048', 'adminproduct', 'ADPxxxxxxxxxx', 'ADP0000000000', '1', '1', '', '0', '', '5dbaae2c-2f54-11e5-8947-cc52af77857f');
INSERT IGNORE INTO `ADMIN_SEQUENCE` (`REFID`, `MODULE`, `SEQUENCE_FORMAT`, `CURRENT_VALUE`, `SEQUENCE_STEP`, `GUID`, `JSON`, `UDID`, `WFID`, `UUID`) VALUES ('ADS0000000066', 'adminorderitem', 'AOIxxxxxxxxxx', 'AOI0000000000', '1', '1', '', '0', '', '5dbe9da1-2f54-11e5-8947-cc52af77857f');
INSERT IGNORE INTO `ADMIN_SEQUENCE` (`REFID`, `MODULE`, `SEQUENCE_FORMAT`, `CURRENT_VALUE`, `SEQUENCE_STEP`, `GUID`, `JSON`, `UDID`, `WFID`, `UUID`) VALUES ('ADS0000000071', 'adminorderstatus', 'AOSxxxxxxxxxx', 'AOS0000000000', '1', '1', '', '0', '', '5dbf8c49-2f54-11e5-8947-cc52af77857f');
INSERT IGNORE INTO `FIELD_ACL` (`REFID`, `MODULE`, `ACTION`, `ID_USER_GROUP`, `ID_USER`, `FIELDS`, `ID_ACL_TYPE`, `GUID`, `JSON`, `UDID`, `WFID`, `UUID`) VALUES ('FLA0000000097', 'adminorder', 'view', '2', '', '*', '1', '1', '', '0', '', 'cb598f73-2f55-11e5-8947-cc52af77857f');
INSERT IGNORE INTO `FIELD_ACL` (`REFID`, `MODULE`, `ACTION`, `ID_USER_GROUP`, `ID_USER`, `FIELDS`, `ID_ACL_TYPE`, `GUID`, `JSON`, `UDID`, `WFID`, `UUID`) VALUES ('FLA0000000098', 'adminorder', 'edit', '2', '', '*', '1', '1', '', '0', '', 'cb59b309-2f55-11e5-8947-cc52af77857f');
INSERT IGNORE INTO `FIELD_ACL` (`REFID`, `MODULE`, `ACTION`, `ID_USER_GROUP`, `ID_USER`, `FIELDS`, `ID_ACL_TYPE`, `GUID`, `JSON`, `UDID`, `WFID`, `UUID`) VALUES ('FLA0000000099', 'adminorder', 'new', '2', '', '*', '1', '1', '', '0', '', 'cb59d50e-2f55-11e5-8947-cc52af77857f');
INSERT IGNORE INTO `FIELD_ACL` (`REFID`, `MODULE`, `ACTION`, `ID_USER_GROUP`, `ID_USER`, `FIELDS`, `ID_ACL_TYPE`, `GUID`, `JSON`, `UDID`, `WFID`, `UUID`) VALUES ('FLA0000000121', 'paymenttype', 'view', '2', '', '*', '1', '1', '', '0', '', 'cb5baf5c-2f55-11e5-8947-cc52af77857f');
INSERT IGNORE INTO `FIELD_ACL` (`REFID`, `MODULE`, `ACTION`, `ID_USER_GROUP`, `ID_USER`, `FIELDS`, `ID_ACL_TYPE`, `GUID`, `JSON`, `UDID`, `WFID`, `UUID`) VALUES ('FLA0000000122', 'paymenttype', 'edit', '2', '', '*', '1', '1', '', '0', '', 'cb5bc15f-2f55-11e5-8947-cc52af77857f');
INSERT IGNORE INTO `FIELD_ACL` (`REFID`, `MODULE`, `ACTION`, `ID_USER_GROUP`, `ID_USER`, `FIELDS`, `ID_ACL_TYPE`, `GUID`, `JSON`, `UDID`, `WFID`, `UUID`) VALUES ('FLA0000000123', 'paymenttype', 'new', '2', '', '*', '1', '1', '', '0', '', 'cb5bd3a6-2f55-11e5-8947-cc52af77857f');
INSERT IGNORE INTO `FIELD_ACL` (`REFID`, `MODULE`, `ACTION`, `ID_USER_GROUP`, `ID_USER`, `FIELDS`, `ID_ACL_TYPE`, `GUID`, `JSON`, `UDID`, `WFID`, `UUID`) VALUES ('FLA0000000142', 'adminproduct', 'view', '2', '', '*', '1', '1', '', '0', '', 'cb5d2fe5-2f55-11e5-8947-cc52af77857f');
INSERT IGNORE INTO `FIELD_ACL` (`REFID`, `MODULE`, `ACTION`, `ID_USER_GROUP`, `ID_USER`, `FIELDS`, `ID_ACL_TYPE`, `GUID`, `JSON`, `UDID`, `WFID`, `UUID`) VALUES ('FLA0000000143', 'adminproduct', 'edit', '2', '', '*', '1', '1', '', '0', '', 'cb5d4228-2f55-11e5-8947-cc52af77857f');
INSERT IGNORE INTO `FIELD_ACL` (`REFID`, `MODULE`, `ACTION`, `ID_USER_GROUP`, `ID_USER`, `FIELDS`, `ID_ACL_TYPE`, `GUID`, `JSON`, `UDID`, `WFID`, `UUID`) VALUES ('FLA0000000144', 'adminproduct', 'new', '2', '', '*', '1', '1', '', '0', '', 'cb5d5473-2f55-11e5-8947-cc52af77857f');
INSERT IGNORE INTO `FIELD_ACL` (`REFID`, `MODULE`, `ACTION`, `ID_USER_GROUP`, `ID_USER`, `FIELDS`, `ID_ACL_TYPE`, `GUID`, `JSON`, `UDID`, `WFID`, `UUID`) VALUES ('FLA0000000196', 'adminorderitem', 'view', '2', '', '*', '1', '1', '', '0', '', 'cb61f47e-2f55-11e5-8947-cc52af77857f');
INSERT IGNORE INTO `FIELD_ACL` (`REFID`, `MODULE`, `ACTION`, `ID_USER_GROUP`, `ID_USER`, `FIELDS`, `ID_ACL_TYPE`, `GUID`, `JSON`, `UDID`, `WFID`, `UUID`) VALUES ('FLA0000000197', 'adminorderitem', 'edit', '2', '', '*', '1', '1', '', '0', '', 'cb620cdf-2f55-11e5-8947-cc52af77857f');
INSERT IGNORE INTO `FIELD_ACL` (`REFID`, `MODULE`, `ACTION`, `ID_USER_GROUP`, `ID_USER`, `FIELDS`, `ID_ACL_TYPE`, `GUID`, `JSON`, `UDID`, `WFID`, `UUID`) VALUES ('FLA0000000198', 'adminorderitem', 'new', '2', '', '*', '1', '1', '', '0', '', 'cb622555-2f55-11e5-8947-cc52af77857f');
INSERT IGNORE INTO `FIELD_ACL` (`REFID`, `MODULE`, `ACTION`, `ID_USER_GROUP`, `ID_USER`, `FIELDS`, `ID_ACL_TYPE`, `GUID`, `JSON`, `UDID`, `WFID`, `UUID`) VALUES ('FLA0000000211', 'adminorderstatus', 'view', '2', '', '*', '1', '1', '', '0', '', 'cb635e8a-2f55-11e5-8947-cc52af77857f');
INSERT IGNORE INTO `FIELD_ACL` (`REFID`, `MODULE`, `ACTION`, `ID_USER_GROUP`, `ID_USER`, `FIELDS`, `ID_ACL_TYPE`, `GUID`, `JSON`, `UDID`, `WFID`, `UUID`) VALUES ('FLA0000000212', 'adminorderstatus', 'edit', '2', '', '*', '1', '1', '', '0', '', 'cb6376aa-2f55-11e5-8947-cc52af77857f');
INSERT IGNORE INTO `FIELD_ACL` (`REFID`, `MODULE`, `ACTION`, `ID_USER_GROUP`, `ID_USER`, `FIELDS`, `ID_ACL_TYPE`, `GUID`, `JSON`, `UDID`, `WFID`, `UUID`) VALUES ('FLA0000000213', 'adminorderstatus', 'new', '2', '', '*', '1', '1', '', '0', '', 'cb638ea8-2f55-11e5-8947-cc52af77857f');
INSERT IGNORE INTO `FIELD` (`REFID`, `NAME`, `MODULE`, `COLUMN`, `TOOLTIP`, `IS_EXCLUDED`, `GUID`, `JSON`, `UDID`, `WFID`, `UUID`) VALUES ('FLD0000000437', 'Customer country', 'adminorder', 'CUSTOMER_ID_COUNTRY', '', '', '1', '', '0', '', '14cbe828-2004-11e5-b60c-cc52af77857f');
INSERT IGNORE INTO `FIELD` (`REFID`, `NAME`, `MODULE`, `COLUMN`, `TOOLTIP`, `IS_EXCLUDED`, `GUID`, `JSON`, `UDID`, `WFID`, `UUID`) VALUES ('FLD0000000438', 'Customer first name', 'adminorder', 'CUSTOMER_FIRST_NAME', '', '', '1', '', '0', '', '14cbfc4f-2004-11e5-b60c-cc52af77857f');
INSERT IGNORE INTO `FIELD` (`REFID`, `NAME`, `MODULE`, `COLUMN`, `TOOLTIP`, `IS_EXCLUDED`, `GUID`, `JSON`, `UDID`, `WFID`, `UUID`) VALUES ('FLD0000000439', 'Customer last name', 'adminorder', 'CUSTOMER_LAST_NAME', '', '', '1', '', '0', '', '14cc10b1-2004-11e5-b60c-cc52af77857f');
INSERT IGNORE INTO `FIELD` (`REFID`, `NAME`, `MODULE`, `COLUMN`, `TOOLTIP`, `IS_EXCLUDED`, `GUID`, `JSON`, `UDID`, `WFID`, `UUID`) VALUES ('FLD0000000440', 'Customer address', 'adminorder', 'CUSTOMER_ADDRESS', '', '', '1', '', '0', '', '14cc2439-2004-11e5-b60c-cc52af77857f');
INSERT IGNORE INTO `FIELD` (`REFID`, `NAME`, `MODULE`, `COLUMN`, `TOOLTIP`, `IS_EXCLUDED`, `GUID`, `JSON`, `UDID`, `WFID`, `UUID`) VALUES ('FLD0000000441', 'Customer city', 'adminorder', 'CUSTOMER_CITY', '', '', '1', '', '0', '', '14cc38be-2004-11e5-b60c-cc52af77857f');
INSERT IGNORE INTO `FIELD` (`REFID`, `NAME`, `MODULE`, `COLUMN`, `TOOLTIP`, `IS_EXCLUDED`, `GUID`, `JSON`, `UDID`, `WFID`, `UUID`) VALUES ('FLD0000000442', 'Customer state', 'adminorder', 'CUSTOMER_STATE', '', '', '1', '', '0', '', '14cc4c9b-2004-11e5-b60c-cc52af77857f');
INSERT IGNORE INTO `FIELD` (`REFID`, `NAME`, `MODULE`, `COLUMN`, `TOOLTIP`, `IS_EXCLUDED`, `GUID`, `JSON`, `UDID`, `WFID`, `UUID`) VALUES ('FLD0000000443', 'Customer zip code', 'adminorder', 'CUSTOMER_ZIP_CODE', '', '', '1', '', '0', '', '14cc5fd2-2004-11e5-b60c-cc52af77857f');
INSERT IGNORE INTO `FIELD` (`REFID`, `NAME`, `MODULE`, `COLUMN`, `TOOLTIP`, `IS_EXCLUDED`, `GUID`, `JSON`, `UDID`, `WFID`, `UUID`) VALUES ('FLD0000000444', 'Customer email', 'adminorder', 'CUSTOMER_EMAIL', '', '', '1', '', '0', '', '14cc72ef-2004-11e5-b60c-cc52af77857f');
INSERT IGNORE INTO `FIELD` (`REFID`, `NAME`, `MODULE`, `COLUMN`, `TOOLTIP`, `IS_EXCLUDED`, `GUID`, `JSON`, `UDID`, `WFID`, `UUID`) VALUES ('FLD0000000445', 'Customer phone', 'adminorder', 'CUSTOMER_PHONE', '', '', '1', '', '0', '', '14cc86eb-2004-11e5-b60c-cc52af77857f');
INSERT IGNORE INTO `FIELD` (`REFID`, `NAME`, `MODULE`, `COLUMN`, `TOOLTIP`, `IS_EXCLUDED`, `GUID`, `JSON`, `UDID`, `WFID`, `UUID`) VALUES ('FLD0000000446', 'Total value', 'adminorder', 'TOTAL_VALUE', '', '', '1', '', '0', '', '14cc9c23-2004-11e5-b60c-cc52af77857f');
INSERT IGNORE INTO `FIELD` (`REFID`, `NAME`, `MODULE`, `COLUMN`, `TOOLTIP`, `IS_EXCLUDED`, `GUID`, `JSON`, `UDID`, `WFID`, `UUID`) VALUES ('FLD0000000447', 'Coupon code', 'adminorder', 'COUPON_CODE', '', '', '1', '', '0', '', '14ccaf51-2004-11e5-b60c-cc52af77857f');
INSERT IGNORE INTO `FIELD` (`REFID`, `NAME`, `MODULE`, `COLUMN`, `TOOLTIP`, `IS_EXCLUDED`, `GUID`, `JSON`, `UDID`, `WFID`, `UUID`) VALUES ('FLD0000000448', 'Coupon discount', 'adminorder', 'COUPON_DISCOUNT', '', '', '1', '', '0', '', '14ccc40d-2004-11e5-b60c-cc52af77857f');
INSERT IGNORE INTO `FIELD` (`REFID`, `NAME`, `MODULE`, `COLUMN`, `TOOLTIP`, `IS_EXCLUDED`, `GUID`, `JSON`, `UDID`, `WFID`, `UUID`) VALUES ('FLD0000000449', 'Payment type', 'adminorder', 'ID_PAYMENT_TYPE', '', '', '1', '', '0', '', '14ccd76a-2004-11e5-b60c-cc52af77857f');
INSERT IGNORE INTO `FIELD` (`REFID`, `NAME`, `MODULE`, `COLUMN`, `TOOLTIP`, `IS_EXCLUDED`, `GUID`, `JSON`, `UDID`, `WFID`, `UUID`) VALUES ('FLD0000000450', 'Creation date', 'adminorder', 'CREATION_DATE', '', '', '1', '', '0', '', '14cced52-2004-11e5-b60c-cc52af77857f');
INSERT IGNORE INTO `FIELD` (`REFID`, `NAME`, `MODULE`, `COLUMN`, `TOOLTIP`, `IS_EXCLUDED`, `GUID`, `JSON`, `UDID`, `WFID`, `UUID`) VALUES ('FLD0000000451', 'Payment date', 'adminorder', 'PAYMENT_DATE', '', '', '1', '', '0', '', '14cd0472-2004-11e5-b60c-cc52af77857f');
INSERT IGNORE INTO `FIELD` (`REFID`, `NAME`, `MODULE`, `COLUMN`, `TOOLTIP`, `IS_EXCLUDED`, `GUID`, `JSON`, `UDID`, `WFID`, `UUID`) VALUES ('FLD0000000452', 'Payment ref', 'adminorder', 'PAYMENT_REF', '', '', '1', '', '0', '', '14cd17e4-2004-11e5-b60c-cc52af77857f');
INSERT IGNORE INTO `FIELD` (`REFID`, `NAME`, `MODULE`, `COLUMN`, `TOOLTIP`, `IS_EXCLUDED`, `GUID`, `JSON`, `UDID`, `WFID`, `UUID`) VALUES ('FLD0000000453', 'Refund date', 'adminorder', 'REFUND_DATE', '', '', '1', '', '0', '', '14cd2c98-2004-11e5-b60c-cc52af77857f');
INSERT IGNORE INTO `FIELD` (`REFID`, `NAME`, `MODULE`, `COLUMN`, `TOOLTIP`, `IS_EXCLUDED`, `GUID`, `JSON`, `UDID`, `WFID`, `UUID`) VALUES ('FLD0000000454', 'Refund ref', 'adminorder', 'REFUND_REF', '', '', '1', '', '0', '', '14cd3fe0-2004-11e5-b60c-cc52af77857f');
INSERT IGNORE INTO `FIELD` (`REFID`, `NAME`, `MODULE`, `COLUMN`, `TOOLTIP`, `IS_EXCLUDED`, `GUID`, `JSON`, `UDID`, `WFID`, `UUID`) VALUES ('FLD0000000455', 'Processed date', 'adminorder', 'PROCESSED_DATE', '', '', '1', '', '0', '', '14cd5520-2004-11e5-b60c-cc52af77857f');
INSERT IGNORE INTO `FIELD` (`REFID`, `NAME`, `MODULE`, `COLUMN`, `TOOLTIP`, `IS_EXCLUDED`, `GUID`, `JSON`, `UDID`, `WFID`, `UUID`) VALUES ('FLD0000000456', 'Admin order status', 'adminorder', 'ID_ADMIN_ORDER_STATUS', '', '', '1', '', '0', '', '14cd6f5c-2004-11e5-b60c-cc52af77857f');
INSERT IGNORE INTO `FIELD` (`REFID`, `NAME`, `MODULE`, `COLUMN`, `TOOLTIP`, `IS_EXCLUDED`, `GUID`, `JSON`, `UDID`, `WFID`, `UUID`) VALUES ('FLD0000000457', 'Note', 'adminorder', 'NOTE', '', '', '1', '', '0', '', '14cd82f1-2004-11e5-b60c-cc52af77857f');
INSERT IGNORE INTO `FIELD` (`REFID`, `NAME`, `MODULE`, `COLUMN`, `TOOLTIP`, `IS_EXCLUDED`, `GUID`, `JSON`, `UDID`, `WFID`, `UUID`) VALUES ('FLD0000000458', 'Name', 'paymenttype', 'NAME', '', '', '1', '', '0', '', '14d18dd9-2004-11e5-b60c-cc52af77857f');
INSERT IGNORE INTO `FIELD` (`REFID`, `NAME`, `MODULE`, `COLUMN`, `TOOLTIP`, `IS_EXCLUDED`, `GUID`, `JSON`, `UDID`, `WFID`, `UUID`) VALUES ('FLD0000000459', 'Code', 'paymenttype', 'CODE', 'This is an edit-once field. Its value cannot be modified afterward.', '', '1', '', '0', '', '14d1a67a-2004-11e5-b60c-cc52af77857f');
INSERT IGNORE INTO `FIELD` (`REFID`, `NAME`, `MODULE`, `COLUMN`, `TOOLTIP`, `IS_EXCLUDED`, `GUID`, `JSON`, `UDID`, `WFID`, `UUID`) VALUES ('FLD0000000460', 'Enabled?', 'paymenttype', 'IS_ENABLED', '', '', '1', '', '0', '', '14d1ba5b-2004-11e5-b60c-cc52af77857f');
INSERT IGNORE INTO `FIELD` (`REFID`, `NAME`, `MODULE`, `COLUMN`, `TOOLTIP`, `IS_EXCLUDED`, `GUID`, `JSON`, `UDID`, `WFID`, `UUID`) VALUES ('FLD0000000461', 'Instruction', 'paymenttype', 'INSTRUCTION', '', '', '1', '', '0', '', '14d1cd23-2004-11e5-b60c-cc52af77857f');
INSERT IGNORE INTO `FIELD` (`REFID`, `NAME`, `MODULE`, `COLUMN`, `TOOLTIP`, `IS_EXCLUDED`, `GUID`, `JSON`, `UDID`, `WFID`, `UUID`) VALUES ('FLD0000000462', 'Ordering', 'paymenttype', 'ORDERING', '', '', '1', '', '0', '', '14d1df9e-2004-11e5-b60c-cc52af77857f');
INSERT IGNORE INTO `FIELD` (`REFID`, `NAME`, `MODULE`, `COLUMN`, `TOOLTIP`, `IS_EXCLUDED`, `GUID`, `JSON`, `UDID`, `WFID`, `UUID`) VALUES ('FLD0000000463', 'Note', 'paymenttype', 'NOTE', '', '', '1', '', '0', '', '14d1f1c7-2004-11e5-b60c-cc52af77857f');
INSERT IGNORE INTO `FIELD` (`REFID`, `NAME`, `MODULE`, `COLUMN`, `TOOLTIP`, `IS_EXCLUDED`, `GUID`, `JSON`, `UDID`, `WFID`, `UUID`) VALUES ('FLD0000000464', 'Title', 'adminproduct', 'TITLE', '', '', '1', '', '0', '', '14d6d2ea-2004-11e5-b60c-cc52af77857f');
INSERT IGNORE INTO `FIELD` (`REFID`, `NAME`, `MODULE`, `COLUMN`, `TOOLTIP`, `IS_EXCLUDED`, `GUID`, `JSON`, `UDID`, `WFID`, `UUID`) VALUES ('FLD0000000465', 'Tag line', 'adminproduct', 'TAG_LINE', '', '', '1', '', '0', '', '14d6ef16-2004-11e5-b60c-cc52af77857f');
INSERT IGNORE INTO `FIELD` (`REFID`, `NAME`, `MODULE`, `COLUMN`, `TOOLTIP`, `IS_EXCLUDED`, `GUID`, `JSON`, `UDID`, `WFID`, `UUID`) VALUES ('FLD0000000466', 'Image', 'adminproduct', 'IMAGE', '', '', '1', '', '0', '', '14d70adf-2004-11e5-b60c-cc52af77857f');
INSERT IGNORE INTO `FIELD` (`REFID`, `NAME`, `MODULE`, `COLUMN`, `TOOLTIP`, `IS_EXCLUDED`, `GUID`, `JSON`, `UDID`, `WFID`, `UUID`) VALUES ('FLD0000000467', 'List price', 'adminproduct', 'LIST_PRICE', '', '', '1', '', '0', '', '14d723bb-2004-11e5-b60c-cc52af77857f');
INSERT IGNORE INTO `FIELD` (`REFID`, `NAME`, `MODULE`, `COLUMN`, `TOOLTIP`, `IS_EXCLUDED`, `GUID`, `JSON`, `UDID`, `WFID`, `UUID`) VALUES ('FLD0000000468', 'Price', 'adminproduct', 'PRICE', '', '', '1', '', '0', '', '14d73cad-2004-11e5-b60c-cc52af77857f');
INSERT IGNORE INTO `FIELD` (`REFID`, `NAME`, `MODULE`, `COLUMN`, `TOOLTIP`, `IS_EXCLUDED`, `GUID`, `JSON`, `UDID`, `WFID`, `UUID`) VALUES ('FLD0000000469', 'Description', 'adminproduct', 'DESCRIPTION', '', '', '1', '', '0', '', '14d7583a-2004-11e5-b60c-cc52af77857f');
INSERT IGNORE INTO `FIELD` (`REFID`, `NAME`, `MODULE`, `COLUMN`, `TOOLTIP`, `IS_EXCLUDED`, `GUID`, `JSON`, `UDID`, `WFID`, `UUID`) VALUES ('FLD0000000470', 'Product page', 'adminproduct', 'PRODUCT_ID_PAGE', '', '', '1', '', '0', '', '14d772ad-2004-11e5-b60c-cc52af77857f');
INSERT IGNORE INTO `FIELD` (`REFID`, `NAME`, `MODULE`, `COLUMN`, `TOOLTIP`, `IS_EXCLUDED`, `GUID`, `JSON`, `UDID`, `WFID`, `UUID`) VALUES ('FLD0000000471', 'Admin order', 'adminorderitem', 'ID_ADMIN_ORDER', '', '', '1', '', '0', '', '14dfefbf-2004-11e5-b60c-cc52af77857f');
INSERT IGNORE INTO `FIELD` (`REFID`, `NAME`, `MODULE`, `COLUMN`, `TOOLTIP`, `IS_EXCLUDED`, `GUID`, `JSON`, `UDID`, `WFID`, `UUID`) VALUES ('FLD0000000472', 'Admin product', 'adminorderitem', 'ID_ADMIN_PRODUCT', '', '', '1', '', '0', '', '14e00fbe-2004-11e5-b60c-cc52af77857f');
INSERT IGNORE INTO `FIELD` (`REFID`, `NAME`, `MODULE`, `COLUMN`, `TOOLTIP`, `IS_EXCLUDED`, `GUID`, `JSON`, `UDID`, `WFID`, `UUID`) VALUES ('FLD0000000473', 'Quantity', 'adminorderitem', 'QUANTITY', '', '', '1', '', '0', '', '14e03350-2004-11e5-b60c-cc52af77857f');
INSERT IGNORE INTO `FIELD` (`REFID`, `NAME`, `MODULE`, `COLUMN`, `TOOLTIP`, `IS_EXCLUDED`, `GUID`, `JSON`, `UDID`, `WFID`, `UUID`) VALUES ('FLD0000000474', 'Price', 'adminorderitem', 'PRICE', '', '', '1', '', '0', '', '14e0520a-2004-11e5-b60c-cc52af77857f');
INSERT IGNORE INTO `FIELD` (`REFID`, `NAME`, `MODULE`, `COLUMN`, `TOOLTIP`, `IS_EXCLUDED`, `GUID`, `JSON`, `UDID`, `WFID`, `UUID`) VALUES ('FLD0000000475', 'Name', 'adminorderstatus', 'NAME', '', '', '1', '', '0', '', '14e1d971-2004-11e5-b60c-cc52af77857f');
INSERT IGNORE INTO `FIELD` (`REFID`, `NAME`, `MODULE`, `COLUMN`, `TOOLTIP`, `IS_EXCLUDED`, `GUID`, `JSON`, `UDID`, `WFID`, `UUID`) VALUES ('FLD0000000476', 'Code', 'adminorderstatus', 'CODE', 'This is an edit-once field. Its value cannot be modified afterward.', '', '1', '', '0', '', '14e1f502-2004-11e5-b60c-cc52af77857f');
INSERT IGNORE INTO `FIELD` (`REFID`, `NAME`, `MODULE`, `COLUMN`, `TOOLTIP`, `IS_EXCLUDED`, `GUID`, `JSON`, `UDID`, `WFID`, `UUID`) VALUES ('FLD0000000477', 'Ordering', 'adminorderstatus', 'ORDERING', '', '', '1', '', '0', '', '14e20f9b-2004-11e5-b60c-cc52af77857f');
INSERT IGNORE INTO `FIELD` (`REFID`, `NAME`, `MODULE`, `COLUMN`, `TOOLTIP`, `IS_EXCLUDED`, `GUID`, `JSON`, `UDID`, `WFID`, `UUID`) VALUES ('FLD0000000478', 'Refid', 'adminorder', 'REFID', '', '', '1', '', '0', '', '530fd1f3-2006-11e5-b60c-cc52af77857f');
INSERT IGNORE INTO `FIELD` (`REFID`, `NAME`, `MODULE`, `COLUMN`, `TOOLTIP`, `IS_EXCLUDED`, `GUID`, `JSON`, `UDID`, `WFID`, `UUID`) VALUES ('FLD0000000479', 'Json', 'adminorder', 'JSON', '', '', '1', '', '0', '', '53122eba-2006-11e5-b60c-cc52af77857f');
INSERT IGNORE INTO `FIELD` (`REFID`, `NAME`, `MODULE`, `COLUMN`, `TOOLTIP`, `IS_EXCLUDED`, `GUID`, `JSON`, `UDID`, `WFID`, `UUID`) VALUES ('FLD0000000480', 'Refid', 'paymenttype', 'REFID', '', '', '1', '', '0', '', '53169274-2006-11e5-b60c-cc52af77857f');
INSERT IGNORE INTO `FIELD` (`REFID`, `NAME`, `MODULE`, `COLUMN`, `TOOLTIP`, `IS_EXCLUDED`, `GUID`, `JSON`, `UDID`, `WFID`, `UUID`) VALUES ('FLD0000000481', 'Json', 'paymenttype', 'JSON', '', '', '1', '', '0', '', '5318cbf2-2006-11e5-b60c-cc52af77857f');
INSERT IGNORE INTO `FIELD` (`REFID`, `NAME`, `MODULE`, `COLUMN`, `TOOLTIP`, `IS_EXCLUDED`, `GUID`, `JSON`, `UDID`, `WFID`, `UUID`) VALUES ('FLD0000000482', 'Refid', 'adminproduct', 'REFID', '', '', '1', '', '0', '', '531e6b34-2006-11e5-b60c-cc52af77857f');
INSERT IGNORE INTO `FIELD` (`REFID`, `NAME`, `MODULE`, `COLUMN`, `TOOLTIP`, `IS_EXCLUDED`, `GUID`, `JSON`, `UDID`, `WFID`, `UUID`) VALUES ('FLD0000000483', 'Json', 'adminproduct', 'JSON', '', '', '1', '', '0', '', '531f8414-2006-11e5-b60c-cc52af77857f');
INSERT IGNORE INTO `FIELD` (`REFID`, `NAME`, `MODULE`, `COLUMN`, `TOOLTIP`, `IS_EXCLUDED`, `GUID`, `JSON`, `UDID`, `WFID`, `UUID`) VALUES ('FLD0000000484', 'Refid', 'adminorderitem', 'REFID', '', '', '1', '', '0', '', '5327d8f8-2006-11e5-b60c-cc52af77857f');
INSERT IGNORE INTO `FIELD` (`REFID`, `NAME`, `MODULE`, `COLUMN`, `TOOLTIP`, `IS_EXCLUDED`, `GUID`, `JSON`, `UDID`, `WFID`, `UUID`) VALUES ('FLD0000000485', 'Json', 'adminorderitem', 'JSON', '', '', '1', '', '0', '', '532858a2-2006-11e5-b60c-cc52af77857f');
INSERT IGNORE INTO `FIELD` (`REFID`, `NAME`, `MODULE`, `COLUMN`, `TOOLTIP`, `IS_EXCLUDED`, `GUID`, `JSON`, `UDID`, `WFID`, `UUID`) VALUES ('FLD0000000486', 'Refid', 'adminorderstatus', 'REFID', '', '', '1', '', '0', '', '532992e5-2006-11e5-b60c-cc52af77857f');
INSERT IGNORE INTO `FIELD` (`REFID`, `NAME`, `MODULE`, `COLUMN`, `TOOLTIP`, `IS_EXCLUDED`, `GUID`, `JSON`, `UDID`, `WFID`, `UUID`) VALUES ('FLD0000000487', 'Json', 'adminorderstatus', 'JSON', '', '', '1', '', '0', '', '5329f2f7-2006-11e5-b60c-cc52af77857f');
INSERT IGNORE INTO `OBJECT_ACL` (`REFID`, `MODULE`, `OBJECT_ID`, `ID_USER_GROUP`, `ID_USER`, `ARG_ID_USER_GROUP`, `ARG_ID_USER`, `ID_ACL_TYPE`, `GUID`, `JSON`, `UDID`, `WFID`, `UUID`) VALUES ('OBA0000000069', 'adminorder', '*', '', '1', '', '', '1', '1', '', '0', '', '6e22ffa7-2f56-11e5-8947-cc52af77857f');
INSERT IGNORE INTO `OBJECT_ACL` (`REFID`, `MODULE`, `OBJECT_ID`, `ID_USER_GROUP`, `ID_USER`, `ARG_ID_USER_GROUP`, `ARG_ID_USER`, `ID_ACL_TYPE`, `GUID`, `JSON`, `UDID`, `WFID`, `UUID`) VALUES ('OBA0000000070', 'adminorder', 'self', '2', '', '', '', '1', '1', '', '0', '', '6e231714-2f56-11e5-8947-cc52af77857f');
INSERT IGNORE INTO `OBJECT_ACL` (`REFID`, `MODULE`, `OBJECT_ID`, `ID_USER_GROUP`, `ID_USER`, `ARG_ID_USER_GROUP`, `ARG_ID_USER`, `ID_ACL_TYPE`, `GUID`, `JSON`, `UDID`, `WFID`, `UUID`) VALUES ('OBA0000000091', 'paymenttype', '*', '', '1', '', '', '1', '1', '', '0', '', '6e24a26c-2f56-11e5-8947-cc52af77857f');
INSERT IGNORE INTO `OBJECT_ACL` (`REFID`, `MODULE`, `OBJECT_ID`, `ID_USER_GROUP`, `ID_USER`, `ARG_ID_USER_GROUP`, `ARG_ID_USER`, `ID_ACL_TYPE`, `GUID`, `JSON`, `UDID`, `WFID`, `UUID`) VALUES ('OBA0000000092', 'paymenttype', 'self', '2', '', '', '', '1', '1', '', '0', '', '6e24b987-2f56-11e5-8947-cc52af77857f');
INSERT IGNORE INTO `OBJECT_ACL` (`REFID`, `MODULE`, `OBJECT_ID`, `ID_USER_GROUP`, `ID_USER`, `ARG_ID_USER_GROUP`, `ARG_ID_USER`, `ID_ACL_TYPE`, `GUID`, `JSON`, `UDID`, `WFID`, `UUID`) VALUES ('OBA0000000107', 'adminproduct', '*', '', '1', '', '', '1', '1', '', '0', '', '6e25e440-2f56-11e5-8947-cc52af77857f');
INSERT IGNORE INTO `OBJECT_ACL` (`REFID`, `MODULE`, `OBJECT_ID`, `ID_USER_GROUP`, `ID_USER`, `ARG_ID_USER_GROUP`, `ARG_ID_USER`, `ID_ACL_TYPE`, `GUID`, `JSON`, `UDID`, `WFID`, `UUID`) VALUES ('OBA0000000108', 'adminproduct', 'self', '2', '', '', '', '1', '1', '', '0', '', '6e25fd03-2f56-11e5-8947-cc52af77857f');
INSERT IGNORE INTO `OBJECT_ACL` (`REFID`, `MODULE`, `OBJECT_ID`, `ID_USER_GROUP`, `ID_USER`, `ARG_ID_USER_GROUP`, `ARG_ID_USER`, `ID_ACL_TYPE`, `GUID`, `JSON`, `UDID`, `WFID`, `UUID`) VALUES ('OBA0000000151', 'adminorderitem', '*', '', '1', '', '', '1', '1', '', '0', '', '6e291f98-2f56-11e5-8947-cc52af77857f');
INSERT IGNORE INTO `OBJECT_ACL` (`REFID`, `MODULE`, `OBJECT_ID`, `ID_USER_GROUP`, `ID_USER`, `ARG_ID_USER_GROUP`, `ARG_ID_USER`, `ID_ACL_TYPE`, `GUID`, `JSON`, `UDID`, `WFID`, `UUID`) VALUES ('OBA0000000152', 'adminorderitem', 'self', '2', '', '', '', '1', '1', '', '0', '', '6e293105-2f56-11e5-8947-cc52af77857f');
INSERT IGNORE INTO `OBJECT_ACL` (`REFID`, `MODULE`, `OBJECT_ID`, `ID_USER_GROUP`, `ID_USER`, `ARG_ID_USER_GROUP`, `ARG_ID_USER`, `ID_ACL_TYPE`, `GUID`, `JSON`, `UDID`, `WFID`, `UUID`) VALUES ('OBA0000000153', 'adminorderitem', 'inherited', '2', '', '', '', '1', '1', '', '0', '', '6e2941e5-2f56-11e5-8947-cc52af77857f');
INSERT IGNORE INTO `OBJECT_ACL` (`REFID`, `MODULE`, `OBJECT_ID`, `ID_USER_GROUP`, `ID_USER`, `ARG_ID_USER_GROUP`, `ARG_ID_USER`, `ID_ACL_TYPE`, `GUID`, `JSON`, `UDID`, `WFID`, `UUID`) VALUES ('OBA0000000164', 'adminorderstatus', '*', '', '1', '', '', '1', '1', '', '0', '', '6e29f060-2f56-11e5-8947-cc52af77857f');
INSERT IGNORE INTO `OBJECT_ACL` (`REFID`, `MODULE`, `OBJECT_ID`, `ID_USER_GROUP`, `ID_USER`, `ARG_ID_USER_GROUP`, `ARG_ID_USER`, `ID_ACL_TYPE`, `GUID`, `JSON`, `UDID`, `WFID`, `UUID`) VALUES ('OBA0000000165', 'adminorderstatus', 'self', '2', '', '', '', '1', '1', '', '0', '', '6e2a0066-2f56-11e5-8947-cc52af77857f');